eventId,eventNumber,eventName_sv,eventName_en,eventDate,eventTime,eventTimestamp,eventHasFaceToFace,filmId,partyId,venueId,venueName,eventTicketStatus,eventBuyURL,eventBuyOneTimeURL,eventModifiedTimestamp
8363,3010,Festivalens favoriter: Jesus+Skate Kitchen,The Festival's favourites: Jesus+Skate Kitchen,2018-10-30,18:30:00,1540920600,false,12553,NA,1,Skandia,NA,NA,NA,1540915556
7989,101,When the trees fall,When the trees fall,2018-11-07,09:00:00,1541577600,false,12489,NA,1,Skandia,available,http://www.stockholmfilmfestival.se/webapi/?action=add&type=ticket&id=7989,http://www.stockholmfilmfestival.se/webapi/?action=add&type=ticket&id=7989,1541543915
7990,102,Lemonade,Lemonade,2018-11-07,11:00:00,1541584800,false,12484,NA,1,Skandia,available,http://www.stockholmfilmfestival.se/webapi/?action=add&type=ticket&id=7990,http://www.stockholmfilmfestival.se/webapi/?action=add&type=ticket&id=7990,1541547789
7991,103,Diane,Diane,2018-11-07,11:00:00,1541584800,false,12384,NA,6,Sture 1,available,http://www.stockholmfilmfestival.se/webapi/?action=add&type=ticket&id=7991,http://www.stockholmfilmfestival.se/webapi/?action=add&type=ticket&id=7991,1541515815
7992,104,American Chaos,American Chaos,2018-11-07,11:15:00,1541585700,false,12491,NA,7,Sture 2,soldout,NA,NA,1541519754
7993,105,Trafikljusen Blir Blå Imorgon,The Traffic Lights Turn Blue Tomorrow,2018-11-07,11:15:00,1541585700,false,12552,NA,8,Sture 3,available,http://www.stockholmfilmfestival.se/webapi/?action=add&type=ticket&id=7993,http://www.stockholmfilmfestival.se/webapi/?action=add&type=ticket&id=7993,1541489371
7994,106,Sibel,Sibel,2018-11-07,12:45:00,1541591100,false,12451,NA,6,Sture 1,available,http://www.stockholmfilmfestival.se/webapi/?action=add&type=ticket&id=7994,http://www.stockholmfilmfestival.se/webapi/?action=add&type=ticket&id=7994,1541518783
7995,107,The Summer House,The Summer House,2018-11-07,13:00:00,1541592000,false,12463,NA,1,Skandia,available,http://www.stockholmfilmfestival.se/webapi/?action=add&type=ticket&id=7995,http://www.stockholmfilmfestival.se/webapi/?action=add&type=ticket&id=7995,1541531925
7996,108,"Love, Gilda","Love, Gilda",2018-11-07,13:00:00,1541592000,false,12494,NA,7,Sture 2,available,http://www.stockholmfilmfestival.se/webapi/?action=add&type=ticket&id=7996,http://www.stockholmfilmfestival.se/webapi/?action=add&type=ticket&id=7996,1541544154
7997,109,Dröm Vidare,Beyond Dream,2018-11-07,13:00:00,1541592000,false,12550,NA,8,Sture 3,available,http://www.stockholmfilmfestival.se/webapi/?action=add&type=ticket&id=7997,http://www.stockholmfilmfestival.se/webapi/?action=add&type=ticket&id=7997,1541541358
7998,110,Hard Paint,Hardpaint,2018-11-07,14:30:00,1541597400,false,12404,NA,6,Sture 1,available,http://www.stockholmfilmfestival.se/webapi/?action=add&type=ticket&id=7998,http://www.stockholmfilmfestival.se/webapi/?action=add&type=ticket&id=7998,1541548236
7999,111,En dag till att leva,Another Day of Life,2018-11-07,15:00:00,1541599200,false,12482,NA,7,Sture 2,few,http://www.stockholmfilmfestival.se/webapi/?action=add&type=ticket&id=7999,http://www.stockholmfilmfestival.se/webapi/?action=add&type=ticket&id=7999,1541568414
8000,112,Thunder Road,Thunder Road,2018-11-07,15:00:00,1541599200,false,12393,NA,8,Sture 3,few,http://www.stockholmfilmfestival.se/webapi/?action=add&type=ticket&id=8000,http://www.stockholmfilmfestival.se/webapi/?action=add&type=ticket&id=8000,1541544154
8001,113,Los Silencios,Los Silencios,2018-11-07,16:45:00,1541605500,false,12430,NA,6,Sture 1,available,http://www.stockholmfilmfestival.se/webapi/?action=add&type=ticket&id=8001,http://www.stockholmfilmfestival.se/webapi/?action=add&type=ticket&id=8001,1541530066
8002,114,This Changes Everything,This Changes Everything,2018-11-07,17:00:00,1541606400,false,12500,NA,9,Klarabiografen,available,http://www.stockholmfilmfestival.se/webapi/?action=add&type=ticket&id=8002,http://www.stockholmfilmfestival.se/webapi/?action=add&type=ticket&id=8002,1541514867
8003,115,The Trouble with You,The Trouble with You,2018-11-07,17:00:00,1541606400,false,12464,NA,7,Sture 2,available,http://www.stockholmfilmfestival.se/webapi/?action=add&type=ticket&id=8003,http://www.stockholmfilmfestival.se/webapi/?action=add&type=ticket&id=8003,1541530274
8004,116,The Cannibal Club,The Cannibal Club,2018-11-07,17:00:00,1541606400,false,12475,NA,8,Sture 3,few,http://www.stockholmfilmfestival.se/webapi/?action=add&type=ticket&id=8004,http://www.stockholmfilmfestival.se/webapi/?action=add&type=ticket&id=8004,1541544154
7263,100,X&Y - Invigningsfilm,X&Y,2018-11-07,18:00:00,1541610000,true,12196,NA,1,Skandia,soldout,NA,NA,1541563109
8005,117,Jesus,Jesus,2018-11-07,18:30:00,1541611800,false,12405,NA,6,Sture 1,soldout,NA,NA,1541519453
8006,118,Fuga,Fugue,2018-11-07,19:00:00,1541613600,false,12401,NA,9,Klarabiografen,available,http://www.stockholmfilmfestival.se/webapi/?action=add&type=ticket&id=8006,http://www.stockholmfilmfestival.se/webapi/?action=add&type=ticket&id=8006,1541568248
8007,119,Girl,Girl,2018-11-07,19:00:00,1541613600,false,12403,NA,7,Sture 2,soldout,NA,NA,1541412130
8008,120,Monsters and Men,Monsters and Men,2018-11-07,19:00:00,1541613600,false,12389,NA,8,Sture 3,soldout,NA,NA,1541535598
8009,121,Det vildväxande päronträdet,The Wild Pear Tree,2018-11-07,20:00:00,1541617200,false,12440,NA,6,Sture 1,available,http://www.stockholmfilmfestival.se/webapi/?action=add&type=ticket&id=8009,http://www.stockholmfilmfestival.se/webapi/?action=add&type=ticket&id=8009,1541537160
8010,122,Climax,Climax,2018-11-07,21:00:00,1541620800,true,12467,NA,1,Skandia,available,http://www.stockholmfilmfestival.se/webapi/?action=add&type=ticket&id=8010,http://www.stockholmfilmfestival.se/webapi/?action=add&type=ticket&id=8010,1541562579
8011,123,Fahrenheit 11/9,Fahrenheit 11/9,2018-11-07,21:00:00,1541620800,false,12419,NA,7,Sture 2,soldout,NA,NA,1541415388
8012,124,The Dark,The Dark,2018-11-07,21:00:00,1541620800,false,12476,NA,8,Sture 3,few,http://www.stockholmfilmfestival.se/webapi/?action=add&type=ticket&id=8012,http://www.stockholmfilmfestival.se/webapi/?action=add&type=ticket&id=8012,1541536469
8013,201,Afghan Cycles,Afghan Cycles,2018-11-08,09:00:00,1541664000,false,12490,NA,1,Skandia,available,http://www.stockholmfilmfestival.se/webapi/?action=add&type=ticket&id=8013,http://www.stockholmfilmfestival.se/webapi/?action=add&type=ticket&id=8013,1541499045
8014,202,Monsters and Men,Monsters and Men,2018-11-08,10:45:00,1541670300,false,12389,NA,1,Skandia,available,http://www.stockholmfilmfestival.se/webapi/?action=add&type=ticket&id=8014,http://www.stockholmfilmfestival.se/webapi/?action=add&type=ticket&id=8014,1541530066
8015,203,Tyrel,Tyrel,2018-11-08,10:45:00,1541670300,false,12394,NA,6,Sture 1,soldout,NA,NA,1539942695
8016,204,Angel Face,Angel Face,2018-11-08,11:00:00,1541671200,false,12480,NA,7,Sture 2,available,http://www.stockholmfilmfestival.se/webapi/?action=add&type=ticket&id=8016,http://www.stockholmfilmfestival.se/webapi/?action=add&type=ticket&id=8016,1541514717
8017,205,A Kid Like Jake,A Kid Like Jake,2018-11-08,11:00:00,1541671200,false,12379,NA,8,Sture 3,soldout,NA,NA,1541147770
8018,206,Black 47,Black 47,2018-11-08,12:30:00,1541676600,false,12454,NA,1,Skandia,available,http://www.stockholmfilmfestival.se/webapi/?action=add&type=ticket&id=8018,http://www.stockholmfilmfestival.se/webapi/?action=add&type=ticket&id=8018,1541513983
8019,207,Let Me Fall,Let Me Fall,2018-11-08,12:45:00,1541677500,false,12447,NA,6,Sture 1,available,http://www.stockholmfilmfestival.se/webapi/?action=add&type=ticket&id=8019,http://www.stockholmfilmfestival.se/webapi/?action=add&type=ticket&id=8019,1541538495
8020,208,The Waldheim Waltz,The Waldheim Waltz,2018-11-08,13:00:00,1541678400,false,12425,NA,7,Sture 2,available,http://www.stockholmfilmfestival.se/webapi/?action=add&type=ticket&id=8020,http://www.stockholmfilmfestival.se/webapi/?action=add&type=ticket&id=8020,1541539429
8021,209,Sibel,Sibel,2018-11-08,13:00:00,1541678400,false,12451,NA,8,Sture 3,few,http://www.stockholmfilmfestival.se/webapi/?action=add&type=ticket&id=8021,http://www.stockholmfilmfestival.se/webapi/?action=add&type=ticket&id=8021,1541505022
8022,210,Dear Son,Dear Son,2018-11-08,14:30:00,1541683800,false,12439,NA,1,Skandia,available,http://www.stockholmfilmfestival.se/webapi/?action=add&type=ticket&id=8022,http://www.stockholmfilmfestival.se/webapi/?action=add&type=ticket&id=8022,1541536013
8023,211,A Vigilante,A Vigilante,2018-11-08,14:45:00,1541684700,false,12380,NA,7,Sture 2,available,http://www.stockholmfilmfestival.se/webapi/?action=add&type=ticket&id=8023,http://www.stockholmfilmfestival.se/webapi/?action=add&type=ticket&id=8023,1541535344
8024,212,All Good,All Good,2018-11-08,15:00:00,1541685600,false,12396,NA,8,Sture 3,available,http://www.stockholmfilmfestival.se/webapi/?action=add&type=ticket&id=8024,http://www.stockholmfilmfestival.se/webapi/?action=add&type=ticket&id=8024,1541449958
8025,213,Piercing,Piercing,2018-11-08,15:15:00,1541686500,false,12472,NA,6,Sture 1,available,http://www.stockholmfilmfestival.se/webapi/?action=add&type=ticket&id=8025,http://www.stockholmfilmfestival.se/webapi/?action=add&type=ticket&id=8025,1541518900
8026,214,American Animals,American Animals,2018-11-08,16:00:00,1541689200,false,12381,NA,32,Bio Rio,available,http://www.stockholmfilmfestival.se/webapi/?action=add&type=ticket&id=8026,http://www.stockholmfilmfestival.se/webapi/?action=add&type=ticket&id=8026,1541430046
8027,215,Birds of Passage,Birds of Passage,2018-11-08,16:30:00,1541691000,false,12426,NA,9,Klarabiografen,few,http://www.stockholmfilmfestival.se/webapi/?action=add&type=ticket&id=8027,http://www.stockholmfilmfestival.se/webapi/?action=add&type=ticket&id=8027,1541567393
8028,216,Jesus,Jesus,2018-11-08,16:30:00,1541691000,false,12405,NA,7,Sture 2,soldout,NA,NA,1541534808
8029,217,Freedom Fields,Freedom Fields,2018-11-08,16:45:00,1541691900,false,12420,NA,8,Sture 3,available,http://www.stockholmfilmfestival.se/webapi/?action=add&type=ticket&id=8029,http://www.stockholmfilmfestival.se/webapi/?action=add&type=ticket&id=8029,1541530066
8030,218,Madeline's Madeline,Madeline's Madeline,2018-11-08,17:00:00,1541692800,false,12387,NA,6,Sture 1,available,http://www.stockholmfilmfestival.se/webapi/?action=add&type=ticket&id=8030,http://www.stockholmfilmfestival.se/webapi/?action=add&type=ticket&id=8030,1541499565
8031,219,Chelas arv,The Heiresses,2018-11-08,17:00:00,1541692800,false,12398,NA,42,Zita 1,available,http://www.stockholmfilmfestival.se/webapi/?action=add&type=ticket&id=8031,http://www.stockholmfilmfestival.se/webapi/?action=add&type=ticket&id=8031,1541531445
8032,220,Cold War,Cold War,2018-11-08,18:00:00,1541696400,false,12438,NA,1,Skandia,available,http://www.stockholmfilmfestival.se/webapi/?action=add&type=ticket&id=8032,http://www.stockholmfilmfestival.se/webapi/?action=add&type=ticket&id=8032,1541549937
8033,221,Ray & Liz,Ray & Liz,2018-11-08,18:00:00,1541696400,true,12432,NA,7,Sture 2,few,http://www.stockholmfilmfestival.se/webapi/?action=add&type=ticket&id=8033,http://www.stockholmfilmfestival.se/webapi/?action=add&type=ticket&id=8033,1541542393
8034,222,Lizzie,Lizzie,2018-11-08,18:45:00,1541699100,false,12457,NA,6,Sture 1,available,http://www.stockholmfilmfestival.se/webapi/?action=add&type=ticket&id=8034,http://www.stockholmfilmfestival.se/webapi/?action=add&type=ticket&id=8034,1541550232
8035,223,Cold Sweat,Cold Sweat,2018-11-08,19:00:00,1541700000,true,12427,NA,9,Klarabiografen,available,http://www.stockholmfilmfestival.se/webapi/?action=add&type=ticket&id=8035,http://www.stockholmfilmfestival.se/webapi/?action=add&type=ticket&id=8035,1541542819
8036,224,Diamantino,Diamantino,2018-11-08,19:00:00,1541700000,false,12399,NA,8,Sture 3,soldout,NA,NA,1541333830
8037,225,Styx,Styx,2018-11-08,19:00:00,1541700000,false,12410,NA,42,Zita 1,soldout,NA,NA,1540193936
8038,226,Girls of the Sun,Girls of the Sun,2018-11-08,20:00:00,1541703600,false,12483,NA,1,Skandia,available,http://www.stockholmfilmfestival.se/webapi/?action=add&type=ticket&id=8038,http://www.stockholmfilmfestival.se/webapi/?action=add&type=ticket&id=8038,1541537436
8039,227,Pig,Pig,2018-11-08,20:30:00,1541705400,true,12473,NA,7,Sture 2,few,http://www.stockholmfilmfestival.se/webapi/?action=add&type=ticket&id=8039,http://www.stockholmfilmfestival.se/webapi/?action=add&type=ticket&id=8039,1541539187
8040,228,Sunset,Sunset,2018-11-08,20:45:00,1541706300,false,12411,NA,6,Sture 1,available,http://www.stockholmfilmfestival.se/webapi/?action=add&type=ticket&id=8040,http://www.stockholmfilmfestival.se/webapi/?action=add&type=ticket&id=8040,1541546972
8041,229,Jonathan ,Jonathan,2018-11-08,21:00:00,1541707200,false,12386,NA,8,Sture 3,few,http://www.stockholmfilmfestival.se/webapi/?action=add&type=ticket&id=8041,http://www.stockholmfilmfestival.se/webapi/?action=add&type=ticket&id=8041,1541546116
8042,301,I See Red People ,I see Red People,2018-11-09,09:00:00,1541750400,false,12421,NA,1,Skandia,available,http://www.stockholmfilmfestival.se/webapi/?action=add&type=ticket&id=8042,http://www.stockholmfilmfestival.se/webapi/?action=add&type=ticket&id=8042,1541527594
8043,302,Ex-Shaman,Ex-Shaman,2018-11-09,10:45:00,1541756700,false,12418,NA,7,Sture 2,available,http://www.stockholmfilmfestival.se/webapi/?action=add&type=ticket&id=8043,http://www.stockholmfilmfestival.se/webapi/?action=add&type=ticket&id=8043,1541534666
8044,303,The Chambermaid,The Chambermaid,2018-11-09,10:45:00,1541756700,false,12412,NA,8,Sture 3,few,http://www.stockholmfilmfestival.se/webapi/?action=add&type=ticket&id=8044,http://www.stockholmfilmfestival.se/webapi/?action=add&type=ticket&id=8044,1541543915
8045,304,Icebox,Icebox,2018-11-09,11:00:00,1541757600,false,12385,NA,1,Skandia,available,http://www.stockholmfilmfestival.se/webapi/?action=add&type=ticket&id=8045,http://www.stockholmfilmfestival.se/webapi/?action=add&type=ticket&id=8045,1541520010
8046,305,Mapplethorpe,Mapplethorpe,2018-11-09,11:00:00,1541757600,false,12388,NA,6,Sture 1,available,http://www.stockholmfilmfestival.se/webapi/?action=add&type=ticket&id=8046,http://www.stockholmfilmfestival.se/webapi/?action=add&type=ticket&id=8046,1541527594
8047,306,Minding The Gap,Minding The Gap,2018-11-09,12:30:00,1541763000,false,12422,NA,7,Sture 2,available,http://www.stockholmfilmfestival.se/webapi/?action=add&type=ticket&id=8047,http://www.stockholmfilmfestival.se/webapi/?action=add&type=ticket&id=8047,1541540902
8048,307,Blindspotting,Blindspotting,2018-11-09,12:45:00,1541763900,false,12481,NA,8,Sture 3,soldout,NA,NA,1540545104
8049,308,In the Aisles,In the Aisles,2018-11-09,13:00:00,1541764800,false,12446,NA,1,Skandia,available,http://www.stockholmfilmfestival.se/webapi/?action=add&type=ticket&id=8049,http://www.stockholmfilmfestival.se/webapi/?action=add&type=ticket&id=8049,1541503580
8050,309,Dear Son,Dear Son,2018-11-09,13:00:00,1541764800,false,12439,NA,6,Sture 1,available,http://www.stockholmfilmfestival.se/webapi/?action=add&type=ticket&id=8050,http://www.stockholmfilmfestival.se/webapi/?action=add&type=ticket&id=8050,1541432717
8051,310,Nancy,Nancy,2018-11-09,14:15:00,1541769300,false,12390,NA,7,Sture 2,few,http://www.stockholmfilmfestival.se/webapi/?action=add&type=ticket&id=8051,http://www.stockholmfilmfestival.se/webapi/?action=add&type=ticket&id=8051,1541527594
8052,311,Thunder Road,Thunder Road,2018-11-09,14:45:00,1541771100,false,12393,NA,8,Sture 3,few,http://www.stockholmfilmfestival.se/webapi/?action=add&type=ticket&id=8052,http://www.stockholmfilmfestival.se/webapi/?action=add&type=ticket&id=8052,1541545970
8053,312,Pause,Pause,2018-11-09,15:00:00,1541772000,false,12408,NA,6,Sture 1,available,http://www.stockholmfilmfestival.se/webapi/?action=add&type=ticket&id=8053,http://www.stockholmfilmfestival.se/webapi/?action=add&type=ticket&id=8053,1541508464
8054,313,Friedkin Uncut ,Friedkin Uncut ,2018-11-09,16:00:00,1541775600,false,12493,NA,7,Sture 2,available,http://www.stockholmfilmfestival.se/webapi/?action=add&type=ticket&id=8054,http://www.stockholmfilmfestival.se/webapi/?action=add&type=ticket&id=8054,1541517229
8055,314,Angel Face,Angel Face,2018-11-09,16:45:00,1541778300,false,12480,NA,8,Sture 3,available,http://www.stockholmfilmfestival.se/webapi/?action=add&type=ticket&id=8055,http://www.stockholmfilmfestival.se/webapi/?action=add&type=ticket&id=8055,1541068293
8056,315,Manta Ray,Manta Ray,2018-11-09,17:00:00,1541779200,false,12431,NA,9,Klarabiografen,available,http://www.stockholmfilmfestival.se/webapi/?action=add&type=ticket&id=8056,http://www.stockholmfilmfestival.se/webapi/?action=add&type=ticket&id=8056,1541522596
8057,316,El Angel,El Angel,2018-11-09,17:00:00,1541779200,false,12441,NA,6,Sture 1,available,http://www.stockholmfilmfestival.se/webapi/?action=add&type=ticket&id=8057,http://www.stockholmfilmfestival.se/webapi/?action=add&type=ticket&id=8057,1541549647
8058,317,Shock Waves: Diary of my Mind,Shock Waves: Diary of my Mind,2018-11-09,17:00:00,1541779200,false,12449,NA,42,Zita 1,available,http://www.stockholmfilmfestival.se/webapi/?action=add&type=ticket&id=8058,http://www.stockholmfilmfestival.se/webapi/?action=add&type=ticket&id=8058,1541373316
8059,318,Black 47,Black 47,2018-11-09,18:00:00,1541782800,false,12454,NA,32,Bio Rio,available,http://www.stockholmfilmfestival.se/webapi/?action=add&type=ticket&id=8059,http://www.stockholmfilmfestival.se/webapi/?action=add&type=ticket&id=8059,1541546116
8060,319,Stockholm Visionary Award 2018 - Alla Vet,Everybody Knows,2018-11-09,18:00:00,1541782800,true,12435,NA,1,Skandia,soldout,NA,NA,1541545641
8061,320,Firecrackers,Firecrackers,2018-11-09,18:00:00,1541782800,true,12400,NA,7,Sture 2,few,http://www.stockholmfilmfestival.se/webapi/?action=add&type=ticket&id=8061,http://www.stockholmfilmfestival.se/webapi/?action=add&type=ticket&id=8061,1541546314
8062,321,American Animals,American Animals,2018-11-09,18:30:00,1541784600,false,12381,NA,50,Filmhuset Victor,available,http://www.stockholmfilmfestival.se/webapi/?action=add&type=ticket&id=8062,http://www.stockholmfilmfestival.se/webapi/?action=add&type=ticket&id=8062,1541546970
8063,322,Twin Flower,Twin Flower,2018-11-09,18:45:00,1541785500,true,12488,NA,8,Sture 3,few,http://www.stockholmfilmfestival.se/webapi/?action=add&type=ticket&id=8063,http://www.stockholmfilmfestival.se/webapi/?action=add&type=ticket&id=8063,1541540171
8064,323,The Man Who Feels No Pain,The Man Who Feels No Pain,2018-11-09,19:00:00,1541786400,true,12477,NA,9,Klarabiografen,few,http://www.stockholmfilmfestival.se/webapi/?action=add&type=ticket&id=8064,http://www.stockholmfilmfestival.se/webapi/?action=add&type=ticket&id=8064,1541536469
8065,324,En Armé av Älskande,An Army of Lovers,2018-11-09,19:00:00,1541786400,true,12417,NA,42,Zita 1,available,http://www.stockholmfilmfestival.se/webapi/?action=add&type=ticket&id=8065,http://www.stockholmfilmfestival.se/webapi/?action=add&type=ticket&id=8065,1541544037
8066,325,Cold War,Cold War,2018-11-09,19:15:00,1541787300,false,12438,NA,6,Sture 1,available,http://www.stockholmfilmfestival.se/webapi/?action=add&type=ticket&id=8066,http://www.stockholmfilmfestival.se/webapi/?action=add&type=ticket&id=8066,1541567239
8067,326,Lords of Chaos,Lords of Chaos,2018-11-09,20:00:00,1541790000,true,12470,NA,32,Bio Rio,soldout,NA,NA,1541484858
8068,327,En kniv i hjärtat,Knife + Heart,2018-11-09,20:15:00,1541790900,false,12468,NA,7,Sture 2,available,http://www.stockholmfilmfestival.se/webapi/?action=add&type=ticket&id=8068,http://www.stockholmfilmfestival.se/webapi/?action=add&type=ticket&id=8068,1541535083
8069,328,Genesis,Genesis,2018-11-09,20:45:00,1541792700,false,12402,NA,42,Zita 1,available,http://www.stockholmfilmfestival.se/webapi/?action=add&type=ticket&id=8069,http://www.stockholmfilmfestival.se/webapi/?action=add&type=ticket&id=8069,1541514867
8070,329,När fjärilarna kommer,Butterflies,2018-11-09,21:00:00,1541793600,true,12407,NA,6,Sture 1,available,http://www.stockholmfilmfestival.se/webapi/?action=add&type=ticket&id=8070,http://www.stockholmfilmfestival.se/webapi/?action=add&type=ticket&id=8070,1541541862
8071,330,Tumbbad,Tumbbad,2018-11-09,21:15:00,1541794500,false,12479,NA,8,Sture 3,few,http://www.stockholmfilmfestival.se/webapi/?action=add&type=ticket&id=8071,http://www.stockholmfilmfestival.se/webapi/?action=add&type=ticket&id=8071,1541546314
8072,331,Suspiria,Suspiria,2018-11-09,22:00:00,1541797200,false,12459,NA,1,Skandia,available,http://www.stockholmfilmfestival.se/webapi/?action=add&type=ticket&id=8072,http://www.stockholmfilmfestival.se/webapi/?action=add&type=ticket&id=8072,1541545518
8073,401,The Man Who Feels No Pain,The Man Who Feels No Pain,2018-11-10,09:00:00,1541836800,false,12477,NA,1,Skandia,available,http://www.stockholmfilmfestival.se/webapi/?action=add&type=ticket&id=8073,http://www.stockholmfilmfestival.se/webapi/?action=add&type=ticket&id=8073,1541546314
8074,402,Friedkin Uncut ,Friedkin Uncut ,2018-11-10,10:45:00,1541843100,false,12493,NA,8,Sture 3,available,http://www.stockholmfilmfestival.se/webapi/?action=add&type=ticket&id=8074,http://www.stockholmfilmfestival.se/webapi/?action=add&type=ticket&id=8074,1541514867
8075,403,När fjärilarna kommer,Butterflies,2018-11-10,11:00:00,1541844000,false,12407,NA,6,Sture 1,available,http://www.stockholmfilmfestival.se/webapi/?action=add&type=ticket&id=8075,http://www.stockholmfilmfestival.se/webapi/?action=add&type=ticket&id=8075,1541529703
8076,404,Afghan Cycles,Afghan Cycles,2018-11-10,11:15:00,1541844900,false,12490,NA,7,Sture 2,few,http://www.stockholmfilmfestival.se/webapi/?action=add&type=ticket&id=8076,http://www.stockholmfilmfestival.se/webapi/?action=add&type=ticket&id=8076,1541531863
8077,405,Asako I&II,Asako I&II,2018-11-10,12:00:00,1541847600,false,12436,NA,42,Zita 1,available,http://www.stockholmfilmfestival.se/webapi/?action=add&type=ticket&id=8077,http://www.stockholmfilmfestival.se/webapi/?action=add&type=ticket&id=8077,1541444931
8078,406,Lizzie,Lizzie,2018-11-10,12:45:00,1541850300,false,12457,NA,1,Skandia,available,http://www.stockholmfilmfestival.se/webapi/?action=add&type=ticket&id=8078,http://www.stockholmfilmfestival.se/webapi/?action=add&type=ticket&id=8078,1541545518
8079,407,Diamantino,Diamantino,2018-11-10,12:45:00,1541850300,false,12399,NA,8,Sture 3,few,http://www.stockholmfilmfestival.se/webapi/?action=add&type=ticket&id=8079,http://www.stockholmfilmfestival.se/webapi/?action=add&type=ticket&id=8079,1541549647
8080,408,The Cannibal Club,The Cannibal Club,2018-11-10,13:00:00,1541851200,false,12475,NA,7,Sture 2,available,http://www.stockholmfilmfestival.se/webapi/?action=add&type=ticket&id=8080,http://www.stockholmfilmfestival.se/webapi/?action=add&type=ticket&id=8080,1541536469
8081,409,Vision,Vision,2018-11-10,13:15:00,1541852100,false,12466,NA,6,Sture 1,available,http://www.stockholmfilmfestival.se/webapi/?action=add&type=ticket&id=8081,http://www.stockholmfilmfestival.se/webapi/?action=add&type=ticket&id=8081,1541563827
8082,410,The Fall of the American Empire,The Fall of the American Empire,2018-11-10,14:15:00,1541855700,false,12452,NA,42,Zita 1,available,http://www.stockholmfilmfestival.se/webapi/?action=add&type=ticket&id=8082,http://www.stockholmfilmfestival.se/webapi/?action=add&type=ticket&id=8082,1541514867
8083,411,Det vildväxande päronträdet,The Wild Pear Tree,2018-11-10,14:30:00,1541856600,false,12440,NA,32,Bio Rio,available,http://www.stockholmfilmfestival.se/webapi/?action=add&type=ticket&id=8083,http://www.stockholmfilmfestival.se/webapi/?action=add&type=ticket&id=8083,1541537506
8084,412,Blaze ,Blaze,2018-11-10,14:45:00,1541857500,false,12383,NA,1,Skandia,available,http://www.stockholmfilmfestival.se/webapi/?action=add&type=ticket&id=8084,http://www.stockholmfilmfestival.se/webapi/?action=add&type=ticket&id=8084,1541546314
8085,413,Of Fathers and Sons,Of Fathers and Sons,2018-11-10,14:45:00,1541857500,false,12496,NA,8,Sture 3,few,http://www.stockholmfilmfestival.se/webapi/?action=add&type=ticket&id=8085,http://www.stockholmfilmfestival.se/webapi/?action=add&type=ticket&id=8085,1541540901
8086,414,The World is Yours,The World is Yours,2018-11-10,15:00:00,1541858400,false,12465,NA,7,Sture 2,soldout,NA,NA,1541331485
8087,415,Chelas arv,The Heiresses,2018-11-10,15:15:00,1541859300,true,12398,NA,6,Sture 1,available,http://www.stockholmfilmfestival.se/webapi/?action=add&type=ticket&id=8087,http://www.stockholmfilmfestival.se/webapi/?action=add&type=ticket&id=8087,1541540666
8088,416,Puzzle,Puzzle,2018-11-10,16:45:00,1541864700,false,12392,NA,8,Sture 3,soldout,NA,NA,1541459612
8089,417,Girls of the Sun,Girls of the Sun,2018-11-10,16:45:00,1541864700,false,12483,NA,42,Zita 1,available,http://www.stockholmfilmfestival.se/webapi/?action=add&type=ticket&id=8089,http://www.stockholmfilmfestival.se/webapi/?action=add&type=ticket&id=8089,1541546116
8090,418,Hotel by the River,Hotel by the River,2018-11-10,17:00:00,1541865600,false,12445,NA,33,Filmhuset Mauritz,available,http://www.stockholmfilmfestival.se/webapi/?action=add&type=ticket&id=8090,http://www.stockholmfilmfestival.se/webapi/?action=add&type=ticket&id=8090,1541545970
8092,420,The Chambermaid,The Chambermaid,2018-11-10,17:00:00,1541865600,false,12412,NA,7,Sture 2,available,http://www.stockholmfilmfestival.se/webapi/?action=add&type=ticket&id=8092,http://www.stockholmfilmfestival.se/webapi/?action=add&type=ticket&id=8092,1541445406
8091,419,Jesus,Jesus,2018-11-10,17:15:00,1541866500,true,12405,NA,6,Sture 1,available,http://www.stockholmfilmfestival.se/webapi/?action=add&type=ticket&id=8091,http://www.stockholmfilmfestival.se/webapi/?action=add&type=ticket&id=8091,1541563827
7268,421,Stockholm Lifetime Achievement Award 2018 - Charlie Says,Charlie Says,2018-11-10,18:00:00,1541869200,true,12205,NA,1,Skandia,available,http://www.stockholmfilmfestival.se/webapi/?action=add&type=ticket&id=7268,http://www.stockholmfilmfestival.se/webapi/?action=add&type=ticket&id=7268,1541553447
8094,423,People’s Republic of Desire,People’s Republic of Desire,2018-11-10,18:45:00,1541871900,false,12423,NA,8,Sture 3,few,http://www.stockholmfilmfestival.se/webapi/?action=add&type=ticket&id=8094,http://www.stockholmfilmfestival.se/webapi/?action=add&type=ticket&id=8094,1541549239
8093,422,EXT. Night,EXT. Night,2018-11-10,19:00:00,1541872800,true,12442,NA,7,Sture 2,few,http://www.stockholmfilmfestival.se/webapi/?action=add&type=ticket&id=8093,http://www.stockholmfilmfestival.se/webapi/?action=add&type=ticket&id=8093,1541534010
8095,424,Hard Paint,Hardpaint,2018-11-10,19:00:00,1541872800,false,12404,NA,33,Filmhuset Mauritz,available,http://www.stockholmfilmfestival.se/webapi/?action=add&type=ticket&id=8095,http://www.stockholmfilmfestival.se/webapi/?action=add&type=ticket&id=8095,1541376937
8096,425,The Load,The Load,2018-11-10,19:00:00,1541872800,true,12415,NA,42,Zita 1,available,http://www.stockholmfilmfestival.se/webapi/?action=add&type=ticket&id=8096,http://www.stockholmfilmfestival.se/webapi/?action=add&type=ticket&id=8096,1541536767
8097,426,"Happy New Year, Colin Burstead","Happy New Year, Colin Burstead",2018-11-10,19:15:00,1541873700,true,12444,NA,6,Sture 1,available,http://www.stockholmfilmfestival.se/webapi/?action=add&type=ticket&id=8097,http://www.stockholmfilmfestival.se/webapi/?action=add&type=ticket&id=8097,1541537197
8098,427,Blindspotting,Blindspotting,2018-11-10,20:45:00,1541879100,false,12481,NA,8,Sture 3,soldout,NA,NA,1541505232
8100,429,The Mountain,The Mountain,2018-11-10,21:15:00,1541880900,true,12461,NA,6,Sture 1,available,http://www.stockholmfilmfestival.se/webapi/?action=add&type=ticket&id=8100,http://www.stockholmfilmfestival.se/webapi/?action=add&type=ticket&id=8100,1541544270
8101,430,Girl,Girl,2018-11-10,21:15:00,1541880900,false,12403,NA,42,Zita 1,available,http://www.stockholmfilmfestival.se/webapi/?action=add&type=ticket&id=8101,http://www.stockholmfilmfestival.se/webapi/?action=add&type=ticket&id=8101,1541542794
8099,428,Climax,Climax,2018-11-10,21:20:00,1541881200,false,12467,NA,7,Sture 2,soldout,NA,NA,1541546800
8102,431,Boy Erased,Boy Erased,2018-11-10,21:30:00,1541881800,false,12455,NA,1,Skandia,available,http://www.stockholmfilmfestival.se/webapi/?action=add&type=ticket&id=8102,http://www.stockholmfilmfestival.se/webapi/?action=add&type=ticket&id=8102,1541545131
8103,501,Manto,Manto,2018-11-11,10:45:00,1541929500,false,12458,NA,7,Sture 2,available,http://www.stockholmfilmfestival.se/webapi/?action=add&type=ticket&id=8103,http://www.stockholmfilmfestival.se/webapi/?action=add&type=ticket&id=8103,1541423091
8104,502,Stockholm XXIX Short Film Competition: Identitet,Stockholm XXIX Short Film Competition: Identity,2018-11-11,10:45:00,1541929500,false,12535,NA,8,Sture 3,soldout,NA,NA,1541541862
8105,503,"Mirai, min lillasyser","Miraï, My Little Sister",2018-11-11,11:00:00,1541930400,false,12448,NA,1,Skandia,available,http://www.stockholmfilmfestival.se/webapi/?action=add&type=ticket&id=8105,http://www.stockholmfilmfestival.se/webapi/?action=add&type=ticket&id=8105,1541490669
8106,504,Studio 54,Studio 54,2018-11-11,11:00:00,1541930400,false,12498,NA,6,Sture 1,available,http://www.stockholmfilmfestival.se/webapi/?action=add&type=ticket&id=8106,http://www.stockholmfilmfestival.se/webapi/?action=add&type=ticket&id=8106,1541541750
8107,505,Prospect,Prospect,2018-11-11,11:30:00,1541932200,false,12474,NA,9,Klarabiografen,available,http://www.stockholmfilmfestival.se/webapi/?action=add&type=ticket&id=8107,http://www.stockholmfilmfestival.se/webapi/?action=add&type=ticket&id=8107,1541532951
8108,506,Lemonade,Lemonade,2018-11-11,12:00:00,1541934000,false,12484,NA,42,Zita 1,available,http://www.stockholmfilmfestival.se/webapi/?action=add&type=ticket&id=8108,http://www.stockholmfilmfestival.se/webapi/?action=add&type=ticket&id=8108,1541531863
8109,507,Narcissister Organ Player ,Narcissister Organ Player ,2018-11-11,12:45:00,1541936700,false,12495,NA,8,Sture 3,soldout,NA,NA,1539942642
8110,508,Life Itself,Life Itself,2018-11-11,13:00:00,1541937600,false,12456,NA,6,Sture 1,available,http://www.stockholmfilmfestival.se/webapi/?action=add&type=ticket&id=8110,http://www.stockholmfilmfestival.se/webapi/?action=add&type=ticket&id=8110,1541525801
8111,509,"Happy New Year, Colin Burstead","Happy New Year, Colin Burstead",2018-11-11,13:15:00,1541938500,false,12444,NA,7,Sture 2,soldout,NA,NA,1541085975
8112,510,Det vildväxande päronträdet,The Wild Pear Tree,2018-11-11,13:45:00,1541940300,false,12440,NA,42,Zita 1,available,http://www.stockholmfilmfestival.se/webapi/?action=add&type=ticket&id=8112,http://www.stockholmfilmfestival.se/webapi/?action=add&type=ticket&id=8112,1541545265
8113,511,Core of the World,Core of the World,2018-11-11,14:00:00,1541941200,false,12428,NA,9,Klarabiografen,available,http://www.stockholmfilmfestival.se/webapi/?action=add&type=ticket&id=8113,http://www.stockholmfilmfestival.se/webapi/?action=add&type=ticket&id=8113,1541539535
8114,512,Stockholm Achievement Award 2018 - Searching for Ingmar Bergman,Searching for Ingmar Bergman,2018-11-11,15:00:00,1541944800,true,12531,NA,1,Skandia,available,http://www.stockholmfilmfestival.se/webapi/?action=add&type=ticket&id=8114,http://www.stockholmfilmfestival.se/webapi/?action=add&type=ticket&id=8114,1541540735
8115,513,Los Silencios,Los Silencios,2018-11-11,15:00:00,1541944800,true,12430,NA,7,Sture 2,few,http://www.stockholmfilmfestival.se/webapi/?action=add&type=ticket&id=8115,http://www.stockholmfilmfestival.se/webapi/?action=add&type=ticket&id=8115,1541531863
8116,514,The Good Girls,The Good Girls,2018-11-11,15:00:00,1541944800,true,12453,NA,8,Sture 3,few,http://www.stockholmfilmfestival.se/webapi/?action=add&type=ticket&id=8116,http://www.stockholmfilmfestival.se/webapi/?action=add&type=ticket&id=8116,1541524035
8117,515,Ray & Liz,Ray & Liz,2018-11-11,15:15:00,1541945700,false,12432,NA,6,Sture 1,available,http://www.stockholmfilmfestival.se/webapi/?action=add&type=ticket&id=8117,http://www.stockholmfilmfestival.se/webapi/?action=add&type=ticket&id=8117,1541519048
8118,516,Thunder Road,Thunder Road,2018-11-11,16:30:00,1541950200,false,12393,NA,9,Klarabiografen,few,http://www.stockholmfilmfestival.se/webapi/?action=add&type=ticket&id=8118,http://www.stockholmfilmfestival.se/webapi/?action=add&type=ticket&id=8118,1541542196
8119,517,När fjärilarna kommer,Butterflies,2018-11-11,17:00:00,1541952000,false,12407,NA,33,Filmhuset Mauritz,available,http://www.stockholmfilmfestival.se/webapi/?action=add&type=ticket&id=8119,http://www.stockholmfilmfestival.se/webapi/?action=add&type=ticket&id=8119,1541536044
8120,518,Icebox,Icebox,2018-11-11,17:00:00,1541952000,true,12385,NA,7,Sture 2,soldout,NA,NA,1541305445
8121,519,Diane,Diane,2018-11-11,17:00:00,1541952000,false,12384,NA,8,Sture 3,few,http://www.stockholmfilmfestival.se/webapi/?action=add&type=ticket&id=8121,http://www.stockholmfilmfestival.se/webapi/?action=add&type=ticket&id=8121,1541358772
8122,520,Cold War,Cold War,2018-11-11,17:15:00,1541952900,false,12438,NA,6,Sture 1,available,http://www.stockholmfilmfestival.se/webapi/?action=add&type=ticket&id=8122,http://www.stockholmfilmfestival.se/webapi/?action=add&type=ticket&id=8122,1541544560
8123,521,Our New President ,Our New President ,2018-11-11,17:15:00,1541952900,false,12497,NA,42,Zita 1,available,http://www.stockholmfilmfestival.se/webapi/?action=add&type=ticket&id=8123,http://www.stockholmfilmfestival.se/webapi/?action=add&type=ticket&id=8123,1541540662
8124,522,Skate Kitchen,Skate Kitchen,2018-11-11,18:30:00,1541957400,true,12409,NA,1,Skandia,available,http://www.stockholmfilmfestival.se/webapi/?action=add&type=ticket&id=8124,http://www.stockholmfilmfestival.se/webapi/?action=add&type=ticket&id=8124,1541567675
8125,523,The Waldheim Waltz,The Waldheim Waltz,2018-11-11,18:45:00,1541958300,false,12425,NA,8,Sture 3,few,http://www.stockholmfilmfestival.se/webapi/?action=add&type=ticket&id=8125,http://www.stockholmfilmfestival.se/webapi/?action=add&type=ticket&id=8125,1541442927
8126,524,El Angel,El Angel,2018-11-11,18:45:00,1541958300,false,12441,NA,42,Zita 1,few,http://www.stockholmfilmfestival.se/webapi/?action=add&type=ticket&id=8126,http://www.stockholmfilmfestival.se/webapi/?action=add&type=ticket&id=8126,1541548183
8127,525,Dear Son,Dear Son,2018-11-11,19:00:00,1541959200,false,12439,NA,9,Klarabiografen,available,http://www.stockholmfilmfestival.se/webapi/?action=add&type=ticket&id=8127,http://www.stockholmfilmfestival.se/webapi/?action=add&type=ticket&id=8127,1541527069
8128,526,Capernaum,Capernaum,2018-11-11,19:00:00,1541959200,false,12397,NA,6,Sture 1,available,http://www.stockholmfilmfestival.se/webapi/?action=add&type=ticket&id=8128,http://www.stockholmfilmfestival.se/webapi/?action=add&type=ticket&id=8128,1541546116
8129,527,Fuga,Fugue,2018-11-11,19:15:00,1541960100,false,12401,NA,33,Filmhuset Mauritz,available,http://www.stockholmfilmfestival.se/webapi/?action=add&type=ticket&id=8129,http://www.stockholmfilmfestival.se/webapi/?action=add&type=ticket&id=8129,1541508464
8130,528,Climax,Climax,2018-11-11,19:15:00,1541960100,false,12467,NA,7,Sture 2,soldout,NA,NA,1541483492
8131,529,Stockholm Visionary Award 2018 - Alla Vet,Everybody Knows,2018-11-11,21:00:00,1541966400,false,12435,NA,1,Skandia,available,http://www.stockholmfilmfestival.se/webapi/?action=add&type=ticket&id=8131,http://www.stockholmfilmfestival.se/webapi/?action=add&type=ticket&id=8131,1541553222
8132,530,Night Comes On,Night Comes On,2018-11-11,21:00:00,1541966400,false,12391,NA,7,Sture 2,available,http://www.stockholmfilmfestival.se/webapi/?action=add&type=ticket&id=8132,http://www.stockholmfilmfestival.se/webapi/?action=add&type=ticket&id=8132,1540397834
8133,531,A Vigilante,A Vigilante,2018-11-11,21:00:00,1541966400,false,12380,NA,8,Sture 3,available,http://www.stockholmfilmfestival.se/webapi/?action=add&type=ticket&id=8133,http://www.stockholmfilmfestival.se/webapi/?action=add&type=ticket&id=8133,1541514717
8134,532,Genesis,Genesis,2018-11-11,21:00:00,1541966400,false,12402,NA,42,Zita 1,available,http://www.stockholmfilmfestival.se/webapi/?action=add&type=ticket&id=8134,http://www.stockholmfilmfestival.se/webapi/?action=add&type=ticket&id=8134,1541497813
8135,533,Fahrenheit 11/9,Fahrenheit 11/9,2018-11-11,21:15:00,1541967300,false,12419,NA,6,Sture 1,available,http://www.stockholmfilmfestival.se/webapi/?action=add&type=ticket&id=8135,http://www.stockholmfilmfestival.se/webapi/?action=add&type=ticket&id=8135,1541567036
8136,601,Jonathan ,Jonathan,2018-11-12,09:00:00,1542009600,false,12386,NA,1,Skandia,available,http://www.stockholmfilmfestival.se/webapi/?action=add&type=ticket&id=8136,http://www.stockholmfilmfestival.se/webapi/?action=add&type=ticket&id=8136,1541356274
8137,602,Monsters and Men,Monsters and Men,2018-11-12,10:45:00,1542015900,false,12389,NA,8,Sture 3,available,http://www.stockholmfilmfestival.se/webapi/?action=add&type=ticket&id=8137,http://www.stockholmfilmfestival.se/webapi/?action=add&type=ticket&id=8137,1541356274
8138,603,The Innocent,The Innocent,2018-11-12,11:00:00,1542016800,false,12413,NA,1,Skandia,available,http://www.stockholmfilmfestival.se/webapi/?action=add&type=ticket&id=8138,http://www.stockholmfilmfestival.se/webapi/?action=add&type=ticket&id=8138,1541245259
8139,604,Styx,Styx,2018-11-12,11:00:00,1542016800,false,12410,NA,7,Sture 2,few,http://www.stockholmfilmfestival.se/webapi/?action=add&type=ticket&id=8139,http://www.stockholmfilmfestival.se/webapi/?action=add&type=ticket&id=8139,1541520010
8140,605,Night Comes On,Night Comes On,2018-11-12,11:15:00,1542017700,false,12391,NA,6,Sture 1,available,http://www.stockholmfilmfestival.se/webapi/?action=add&type=ticket&id=8140,http://www.stockholmfilmfestival.se/webapi/?action=add&type=ticket&id=8140,1541527861
8141,606,Putin´s Witnesses,Putin´s Witnesses,2018-11-12,12:30:00,1542022200,false,12424,NA,8,Sture 3,few,http://www.stockholmfilmfestival.se/webapi/?action=add&type=ticket&id=8141,http://www.stockholmfilmfestival.se/webapi/?action=add&type=ticket&id=8141,1541543915
8142,607,Cold Sweat,Cold Sweat,2018-11-12,12:45:00,1542023100,false,12427,NA,7,Sture 2,few,http://www.stockholmfilmfestival.se/webapi/?action=add&type=ticket&id=8142,http://www.stockholmfilmfestival.se/webapi/?action=add&type=ticket&id=8142,1541445542
8143,608,We The Animals,We The Animals,2018-11-12,13:00:00,1542024000,false,12395,NA,6,Sture 1,available,http://www.stockholmfilmfestival.se/webapi/?action=add&type=ticket&id=8143,http://www.stockholmfilmfestival.se/webapi/?action=add&type=ticket&id=8143,1541527861
8144,609,The Trouble with You,The Trouble with You,2018-11-12,13:15:00,1542024900,false,12464,NA,1,Skandia,available,http://www.stockholmfilmfestival.se/webapi/?action=add&type=ticket&id=8144,http://www.stockholmfilmfestival.se/webapi/?action=add&type=ticket&id=8144,1541490161
8145,610,Pig,Pig,2018-11-12,14:30:00,1542029400,false,12473,NA,7,Sture 2,available,http://www.stockholmfilmfestival.se/webapi/?action=add&type=ticket&id=8145,http://www.stockholmfilmfestival.se/webapi/?action=add&type=ticket&id=8145,1540903241
8146,611,Afghan Cycles,Afghan Cycles,2018-11-12,14:30:00,1542029400,false,12490,NA,8,Sture 3,available,http://www.stockholmfilmfestival.se/webapi/?action=add&type=ticket&id=8146,http://www.stockholmfilmfestival.se/webapi/?action=add&type=ticket&id=8146,1541315002
8147,612,The Load,The Load,2018-11-12,15:00:00,1542031200,false,12415,NA,6,Sture 1,available,http://www.stockholmfilmfestival.se/webapi/?action=add&type=ticket&id=8147,http://www.stockholmfilmfestival.se/webapi/?action=add&type=ticket&id=8147,1541548130
8148,613,Vision,Vision,2018-11-12,15:15:00,1542032100,false,12466,NA,1,Skandia,available,http://www.stockholmfilmfestival.se/webapi/?action=add&type=ticket&id=8148,http://www.stockholmfilmfestival.se/webapi/?action=add&type=ticket&id=8148,1541542721
8149,614,The Old Man and the Gun,The Old Man and the Gun,2018-11-12,16:30:00,1542036600,false,12462,NA,7,Sture 2,soldout,NA,NA,1541420990
8150,615,Life Itself,Life Itself,2018-11-12,16:30:00,1542036600,false,12456,NA,8,Sture 3,few,http://www.stockholmfilmfestival.se/webapi/?action=add&type=ticket&id=8150,http://www.stockholmfilmfestival.se/webapi/?action=add&type=ticket&id=8150,1541548236
8219,827,Blindspotting,Blindspotting,2018-11-12,17:00:00,1542038400,false,12481,NA,6,Sture 1,available,http://www.stockholmfilmfestival.se/webapi/?action=add&type=ticket&id=8219,http://www.stockholmfilmfestival.se/webapi/?action=add&type=ticket&id=8219,1541533234
8368,628,One Cut of the Dead,One Cut of the Dead,2018-11-12,17:00:00,1542038400,false,12471,NA,9,Klarabiografen,available,http://www.stockholmfilmfestival.se/webapi/?action=add&type=ticket&id=8368,http://www.stockholmfilmfestival.se/webapi/?action=add&type=ticket&id=8368,1541532057
8152,617,Little Tickles,Little Tickles,2018-11-12,17:00:00,1542038400,false,12485,NA,6,Sture 1,soldout,NA,NA,1540482823
8153,618,The Kindergarten Teacher,The Kindergarten Teacher,2018-11-12,18:00:00,1542042000,false,12414,NA,1,Skandia,available,http://www.stockholmfilmfestival.se/webapi/?action=add&type=ticket&id=8153,http://www.stockholmfilmfestival.se/webapi/?action=add&type=ticket&id=8153,1541549937
8154,619,Firecrackers,Firecrackers,2018-11-12,18:30:00,1542043800,false,12400,NA,33,Filmhuset Mauritz,available,http://www.stockholmfilmfestival.se/webapi/?action=add&type=ticket&id=8154,http://www.stockholmfilmfestival.se/webapi/?action=add&type=ticket&id=8154,1541354095
8155,620,Boy Erased,Boy Erased,2018-11-12,18:30:00,1542043800,false,12455,NA,7,Sture 2,soldout,NA,NA,1540460222
8156,621,En kniv i hjärtat,Knife + Heart,2018-11-12,18:45:00,1542044700,false,12468,NA,8,Sture 3,few,http://www.stockholmfilmfestival.se/webapi/?action=add&type=ticket&id=8156,http://www.stockholmfilmfestival.se/webapi/?action=add&type=ticket&id=8156,1541172374
8157,622,In the Aisles,In the Aisles,2018-11-12,19:00:00,1542045600,false,12446,NA,9,Klarabiografen,available,http://www.stockholmfilmfestival.se/webapi/?action=add&type=ticket&id=8157,http://www.stockholmfilmfestival.se/webapi/?action=add&type=ticket&id=8157,1541519417
8158,623,My Brilliant Friend,My Brilliant Friend,2018-11-12,19:00:00,1542045600,false,12533,NA,6,Sture 1,available,http://www.stockholmfilmfestival.se/webapi/?action=add&type=ticket&id=8158,http://www.stockholmfilmfestival.se/webapi/?action=add&type=ticket&id=8158,1541542819
8159,624,Museo,Museum,2018-11-12,20:00:00,1542049200,false,12406,NA,1,Skandia,available,http://www.stockholmfilmfestival.se/webapi/?action=add&type=ticket&id=8159,http://www.stockholmfilmfestival.se/webapi/?action=add&type=ticket&id=8159,1541520613
8160,625,One Cut of the Dead,One Cut of the Dead,2018-11-12,20:45:00,1542051900,false,12471,NA,7,Sture 2,few,http://www.stockholmfilmfestival.se/webapi/?action=add&type=ticket&id=8160,http://www.stockholmfilmfestival.se/webapi/?action=add&type=ticket&id=8160,1541536966
8161,626,Mapplethorpe,Mapplethorpe,2018-11-12,21:00:00,1542052800,false,12388,NA,8,Sture 3,few,http://www.stockholmfilmfestival.se/webapi/?action=add&type=ticket&id=8161,http://www.stockholmfilmfestival.se/webapi/?action=add&type=ticket&id=8161,1541503767
8162,627,Surprisefilm,Surprise film,2018-11-12,21:15:00,1542053700,false,12549,NA,6,Sture 1,available,http://www.stockholmfilmfestival.se/webapi/?action=add&type=ticket&id=8162,http://www.stockholmfilmfestival.se/webapi/?action=add&type=ticket&id=8162,1541544270
8163,701,Of Fathers and Sons,Of Fathers and Sons,2018-11-13,09:00:00,1542096000,false,12496,NA,1,Skandia,available,http://www.stockholmfilmfestival.se/webapi/?action=add&type=ticket&id=8163,http://www.stockholmfilmfestival.se/webapi/?action=add&type=ticket&id=8163,1541536013
8164,702,Burkinabe Rising: The art of resistance in Burkina Faso,Burkinabe Rising: The art of resistance in Burkina Faso,2018-11-13,10:45:00,1542102300,false,12492,NA,7,Sture 2,available,http://www.stockholmfilmfestival.se/webapi/?action=add&type=ticket&id=8164,http://www.stockholmfilmfestival.se/webapi/?action=add&type=ticket&id=8164,1541422095
8165,703,Sofia,Sofia,2018-11-13,11:00:00,1542103200,false,12486,NA,1,Skandia,available,http://www.stockholmfilmfestival.se/webapi/?action=add&type=ticket&id=8165,http://www.stockholmfilmfestival.se/webapi/?action=add&type=ticket&id=8165,1541346317
8166,704,A Vigilante,A Vigilante,2018-11-13,11:00:00,1542103200,false,12380,NA,6,Sture 1,available,http://www.stockholmfilmfestival.se/webapi/?action=add&type=ticket&id=8166,http://www.stockholmfilmfestival.se/webapi/?action=add&type=ticket&id=8166,1541512903
8167,705,Manto,Manto,2018-11-13,11:15:00,1542104100,false,12458,NA,8,Sture 3,available,http://www.stockholmfilmfestival.se/webapi/?action=add&type=ticket&id=8167,http://www.stockholmfilmfestival.se/webapi/?action=add&type=ticket&id=8167,1541508765
8168,706,Float Like a Butterfly,Float Like a Butterfly,2018-11-13,12:15:00,1542107700,false,12443,NA,7,Sture 2,available,http://www.stockholmfilmfestival.se/webapi/?action=add&type=ticket&id=8168,http://www.stockholmfilmfestival.se/webapi/?action=add&type=ticket&id=8168,1541429515
8169,707,Asako I&II,Asako I&II,2018-11-13,12:30:00,1542108600,false,12436,NA,1,Skandia,available,http://www.stockholmfilmfestival.se/webapi/?action=add&type=ticket&id=8169,http://www.stockholmfilmfestival.se/webapi/?action=add&type=ticket&id=8169,1541532057
8170,708,Diamantino,Diamantino,2018-11-13,12:45:00,1542109500,false,12399,NA,6,Sture 1,available,http://www.stockholmfilmfestival.se/webapi/?action=add&type=ticket&id=8170,http://www.stockholmfilmfestival.se/webapi/?action=add&type=ticket&id=8170,1541544360
8172,710,The Man Who Feels No Pain,The Man Who Feels No Pain,2018-11-13,14:15:00,1542114900,false,12477,NA,7,Sture 2,available,http://www.stockholmfilmfestival.se/webapi/?action=add&type=ticket&id=8172,http://www.stockholmfilmfestival.se/webapi/?action=add&type=ticket&id=8172,1541542721
8173,711,The Trouble with You,The Trouble with You,2018-11-13,14:30:00,1542115800,false,12464,NA,6,Sture 1,available,http://www.stockholmfilmfestival.se/webapi/?action=add&type=ticket&id=8173,http://www.stockholmfilmfestival.se/webapi/?action=add&type=ticket&id=8173,1541543857
8174,712,A family Tour,A Family Tour ,2018-11-13,14:45:00,1542116700,false,12434,NA,1,Skandia,available,http://www.stockholmfilmfestival.se/webapi/?action=add&type=ticket&id=8174,http://www.stockholmfilmfestival.se/webapi/?action=add&type=ticket&id=8174,1541426415
8175,713,"Love, Gilda","Love, Gilda",2018-11-13,15:15:00,1542118500,false,12494,NA,8,Sture 3,available,http://www.stockholmfilmfestival.se/webapi/?action=add&type=ticket&id=8175,http://www.stockholmfilmfestival.se/webapi/?action=add&type=ticket&id=8175,1541448066
8176,714,Our New President ,Our New President ,2018-11-13,16:30:00,1542123000,false,12497,NA,6,Sture 1,available,http://www.stockholmfilmfestival.se/webapi/?action=add&type=ticket&id=8176,http://www.stockholmfilmfestival.se/webapi/?action=add&type=ticket&id=8176,1540405505
8177,715,Hotel by the River,Hotel by the River,2018-11-13,16:45:00,1542123900,false,12445,NA,7,Sture 2,few,http://www.stockholmfilmfestival.se/webapi/?action=add&type=ticket&id=8177,http://www.stockholmfilmfestival.se/webapi/?action=add&type=ticket&id=8177,1541508464
8178,716,Prospect,Prospect,2018-11-13,17:00:00,1542124800,false,12474,NA,9,Klarabiografen,available,http://www.stockholmfilmfestival.se/webapi/?action=add&type=ticket&id=8178,http://www.stockholmfilmfestival.se/webapi/?action=add&type=ticket&id=8178,1541543857
8179,717,Sibel,Sibel,2018-11-13,17:00:00,1542124800,false,12451,NA,42,Zita 1,available,http://www.stockholmfilmfestival.se/webapi/?action=add&type=ticket&id=8179,http://www.stockholmfilmfestival.se/webapi/?action=add&type=ticket&id=8179,1541546314
8180,718,American Chaos,American Chaos,2018-11-13,17:15:00,1542125700,false,12491,NA,8,Sture 3,few,http://www.stockholmfilmfestival.se/webapi/?action=add&type=ticket&id=8180,http://www.stockholmfilmfestival.se/webapi/?action=add&type=ticket&id=8180,1541540901
8181,719,Under en öppen himmel / Wildlife,Wildlife,2018-11-13,18:00:00,1542128400,false,12416,NA,1,Skandia,available,http://www.stockholmfilmfestival.se/webapi/?action=add&type=ticket&id=8181,http://www.stockholmfilmfestival.se/webapi/?action=add&type=ticket&id=8181,1541567239
8182,720,Donbass,Donbass,2018-11-13,18:00:00,1542128400,true,12429,NA,6,Sture 1,available,http://www.stockholmfilmfestival.se/webapi/?action=add&type=ticket&id=8182,http://www.stockholmfilmfestival.se/webapi/?action=add&type=ticket&id=8182,1541549937
8183,721,Minding The Gap,Minding The Gap,2018-11-13,18:30:00,1542130200,true,12422,NA,50,Filmhuset Victor,available,http://www.stockholmfilmfestival.se/webapi/?action=add&type=ticket&id=8183,http://www.stockholmfilmfestival.se/webapi/?action=add&type=ticket&id=8183,1541537795
8184,722,The Wind,The Wind ,2018-11-13,18:45:00,1542131100,false,12478,NA,7,Sture 2,few,http://www.stockholmfilmfestival.se/webapi/?action=add&type=ticket&id=8184,http://www.stockholmfilmfestival.se/webapi/?action=add&type=ticket&id=8184,1541535998
8185,723,Manta Ray,Manta Ray,2018-11-13,18:45:00,1542131100,true,12431,NA,42,Zita 1,available,http://www.stockholmfilmfestival.se/webapi/?action=add&type=ticket&id=8185,http://www.stockholmfilmfestival.se/webapi/?action=add&type=ticket&id=8185,1541541750
8186,724,Pause,Pause,2018-11-13,19:00:00,1542132000,true,12408,NA,9,Klarabiografen,available,http://www.stockholmfilmfestival.se/webapi/?action=add&type=ticket&id=8186,http://www.stockholmfilmfestival.se/webapi/?action=add&type=ticket&id=8186,1541458408
8187,725,Friedkin Uncut ,Friedkin Uncut ,2018-11-13,19:15:00,1542132900,false,12493,NA,8,Sture 3,available,http://www.stockholmfilmfestival.se/webapi/?action=add&type=ticket&id=8187,http://www.stockholmfilmfestival.se/webapi/?action=add&type=ticket&id=8187,1541065958
8188,726,Stockholm Visionary Award 2018 - Alla Vet,Everybody Knows,2018-11-13,20:30:00,1542137400,false,12435,NA,1,Skandia,available,http://www.stockholmfilmfestival.se/webapi/?action=add&type=ticket&id=8188,http://www.stockholmfilmfestival.se/webapi/?action=add&type=ticket&id=8188,1541567696
8189,727,Suspiria,Suspiria,2018-11-13,20:45:00,1542138300,false,12459,NA,6,Sture 1,available,http://www.stockholmfilmfestival.se/webapi/?action=add&type=ticket&id=8189,http://www.stockholmfilmfestival.se/webapi/?action=add&type=ticket&id=8189,1541546314
8190,728,Tyrel,Tyrel,2018-11-13,21:00:00,1542139200,false,12394,NA,7,Sture 2,few,http://www.stockholmfilmfestival.se/webapi/?action=add&type=ticket&id=8190,http://www.stockholmfilmfestival.se/webapi/?action=add&type=ticket&id=8190,1541508423
8191,729,The Summer House,The Summer House,2018-11-13,21:00:00,1542139200,false,12463,NA,42,Zita 1,available,http://www.stockholmfilmfestival.se/webapi/?action=add&type=ticket&id=8191,http://www.stockholmfilmfestival.se/webapi/?action=add&type=ticket&id=8191,1541422095
8192,730,The Cannibal Club,The Cannibal Club,2018-11-13,21:15:00,1542140100,false,12475,NA,8,Sture 3,available,http://www.stockholmfilmfestival.se/webapi/?action=add&type=ticket&id=8192,http://www.stockholmfilmfestival.se/webapi/?action=add&type=ticket&id=8192,1541409396
8193,801,We The Animals,We The Animals,2018-11-14,09:00:00,1542182400,false,12395,NA,1,Skandia,available,http://www.stockholmfilmfestival.se/webapi/?action=add&type=ticket&id=8193,http://www.stockholmfilmfestival.se/webapi/?action=add&type=ticket&id=8193,1541499565
8194,802,Firecrackers,Firecrackers,2018-11-14,10:45:00,1542188700,false,12400,NA,1,Skandia,available,http://www.stockholmfilmfestival.se/webapi/?action=add&type=ticket&id=8194,http://www.stockholmfilmfestival.se/webapi/?action=add&type=ticket&id=8194,1541543915
8195,803,Nancy,Nancy,2018-11-14,10:45:00,1542188700,false,12390,NA,6,Sture 1,available,http://www.stockholmfilmfestival.se/webapi/?action=add&type=ticket&id=8195,http://www.stockholmfilmfestival.se/webapi/?action=add&type=ticket&id=8195,1541519048
8196,804,People’s Republic of Desire,People’s Republic of Desire,2018-11-14,11:00:00,1542189600,false,12423,NA,7,Sture 2,available,http://www.stockholmfilmfestival.se/webapi/?action=add&type=ticket&id=8196,http://www.stockholmfilmfestival.se/webapi/?action=add&type=ticket&id=8196,1541104927
8197,805,Lords of Chaos,Lords of Chaos,2018-11-14,11:00:00,1542189600,false,12470,NA,8,Sture 3,few,http://www.stockholmfilmfestival.se/webapi/?action=add&type=ticket&id=8197,http://www.stockholmfilmfestival.se/webapi/?action=add&type=ticket&id=8197,1541533326
8198,806,Core of the World,Core of the World,2018-11-14,12:30:00,1542195000,false,12428,NA,1,Skandia,available,http://www.stockholmfilmfestival.se/webapi/?action=add&type=ticket&id=8198,http://www.stockholmfilmfestival.se/webapi/?action=add&type=ticket&id=8198,1541419920
8199,807,The Chambermaid,The Chambermaid,2018-11-14,12:30:00,1542195000,false,12412,NA,6,Sture 1,available,http://www.stockholmfilmfestival.se/webapi/?action=add&type=ticket&id=8199,http://www.stockholmfilmfestival.se/webapi/?action=add&type=ticket&id=8199,1541543857
8200,808,The Load,The Load,2018-11-14,13:00:00,1542196800,false,12415,NA,7,Sture 2,available,http://www.stockholmfilmfestival.se/webapi/?action=add&type=ticket&id=8200,http://www.stockholmfilmfestival.se/webapi/?action=add&type=ticket&id=8200,1541543915
8201,809,The Truk,The Truk,2018-11-14,13:15:00,1542197700,false,12487,NA,8,Sture 3,few,http://www.stockholmfilmfestival.se/webapi/?action=add&type=ticket&id=8201,http://www.stockholmfilmfestival.se/webapi/?action=add&type=ticket&id=8201,1541423091
8202,810,Puzzle,Puzzle,2018-11-14,14:30:00,1542202200,false,12392,NA,6,Sture 1,available,http://www.stockholmfilmfestival.se/webapi/?action=add&type=ticket&id=8202,http://www.stockholmfilmfestival.se/webapi/?action=add&type=ticket&id=8202,1541549239
8203,811,The Summer House,The Summer House,2018-11-14,14:45:00,1542203100,false,12463,NA,1,Skandia,available,http://www.stockholmfilmfestival.se/webapi/?action=add&type=ticket&id=8203,http://www.stockholmfilmfestival.se/webapi/?action=add&type=ticket&id=8203,1541493986
8204,812,Putin´s Witnesses,Putin´s Witnesses,2018-11-14,15:00:00,1542204000,false,12424,NA,7,Sture 2,available,http://www.stockholmfilmfestival.se/webapi/?action=add&type=ticket&id=8204,http://www.stockholmfilmfestival.se/webapi/?action=add&type=ticket&id=8204,1541525543
8205,813,Girls of the Sun,Girls of the Sun,2018-11-14,15:00:00,1542204000,false,12483,NA,8,Sture 3,few,http://www.stockholmfilmfestival.se/webapi/?action=add&type=ticket&id=8205,http://www.stockholmfilmfestival.se/webapi/?action=add&type=ticket&id=8205,1541454566
8206,814,Manto,Manto,2018-11-14,16:30:00,1542209400,false,12458,NA,6,Sture 1,available,http://www.stockholmfilmfestival.se/webapi/?action=add&type=ticket&id=8206,http://www.stockholmfilmfestival.se/webapi/?action=add&type=ticket&id=8206,1541546314
8207,815,Madeline's Madeline,Madeline's Madeline,2018-11-14,17:00:00,1542211200,false,12387,NA,9,Klarabiografen,available,http://www.stockholmfilmfestival.se/webapi/?action=add&type=ticket&id=8207,http://www.stockholmfilmfestival.se/webapi/?action=add&type=ticket&id=8207,1541526520
8208,816,Studio 54,Studio 54,2018-11-14,17:00:00,1542211200,false,12498,NA,7,Sture 2,few,http://www.stockholmfilmfestival.se/webapi/?action=add&type=ticket&id=8208,http://www.stockholmfilmfestival.se/webapi/?action=add&type=ticket&id=8208,1541448928
8209,817,Pause,Pause,2018-11-14,17:00:00,1542211200,false,12408,NA,42,Zita 1,available,http://www.stockholmfilmfestival.se/webapi/?action=add&type=ticket&id=8209,http://www.stockholmfilmfestival.se/webapi/?action=add&type=ticket&id=8209,1541178033
8210,818,Ex-Shaman,Ex-Shaman,2018-11-14,17:15:00,1542212100,false,12418,NA,8,Sture 3,available,http://www.stockholmfilmfestival.se/webapi/?action=add&type=ticket&id=8210,http://www.stockholmfilmfestival.se/webapi/?action=add&type=ticket&id=8210,1541289251
8211,819,En dag till att leva,Another Day of Life,2018-11-14,18:00:00,1542214800,false,12482,NA,32,Bio Rio,available,http://www.stockholmfilmfestival.se/webapi/?action=add&type=ticket&id=8211,http://www.stockholmfilmfestival.se/webapi/?action=add&type=ticket&id=8211,1541537361
8212,820,The Front Runner,The Front Runner,2018-11-14,18:00:00,1542214800,false,12460,NA,1,Skandia,available,http://www.stockholmfilmfestival.se/webapi/?action=add&type=ticket&id=8212,http://www.stockholmfilmfestival.se/webapi/?action=add&type=ticket&id=8212,1541542482
8213,821,1 KM FILM 2018 + Jag ser dig,Jag ser dig,2018-11-14,18:00:00,1542214800,false,12534,NA,33,Filmhuset Mauritz,available,http://www.stockholmfilmfestival.se/webapi/?action=add&type=ticket&id=8213,http://www.stockholmfilmfestival.se/webapi/?action=add&type=ticket&id=8213,1541541862
8214,822,Capernaum,Capernaum,2018-11-14,18:45:00,1542217500,false,12397,NA,6,Sture 1,available,http://www.stockholmfilmfestival.se/webapi/?action=add&type=ticket&id=8214,http://www.stockholmfilmfestival.se/webapi/?action=add&type=ticket&id=8214,1541568122
8215,823,Los Silencios,Los Silencios,2018-11-14,19:00:00,1542218400,false,12430,NA,9,Klarabiografen,available,http://www.stockholmfilmfestival.se/webapi/?action=add&type=ticket&id=8215,http://www.stockholmfilmfestival.se/webapi/?action=add&type=ticket&id=8215,1541532057
8216,824,All Good,All Good,2018-11-14,19:00:00,1542218400,false,12396,NA,7,Sture 2,few,http://www.stockholmfilmfestival.se/webapi/?action=add&type=ticket&id=8216,http://www.stockholmfilmfestival.se/webapi/?action=add&type=ticket&id=8216,1541450118
8217,825,Sofia,Sofia,2018-11-14,19:00:00,1542218400,true,12486,NA,42,Zita 1,available,http://www.stockholmfilmfestival.se/webapi/?action=add&type=ticket&id=8217,http://www.stockholmfilmfestival.se/webapi/?action=add&type=ticket&id=8217,1541545518
8218,826,The Old Man and the Gun,The Old Man and the Gun,2018-11-14,19:15:00,1542219300,false,12462,NA,8,Sture 3,soldout,NA,NA,1541018226
8364,831,Lords of Chaos,Lords of Chaos,2018-11-14,20:30:00,1542223800,false,12470,NA,1,Skandia,available,http://www.stockholmfilmfestival.se/webapi/?action=add&type=ticket&id=8364,http://www.stockholmfilmfestival.se/webapi/?action=add&type=ticket&id=8364,1541563941
8220,828,Boy Erased,Boy Erased,2018-11-14,21:00:00,1542225600,false,12455,NA,6,Sture 1,available,http://www.stockholmfilmfestival.se/webapi/?action=add&type=ticket&id=8220,http://www.stockholmfilmfestival.se/webapi/?action=add&type=ticket&id=8220,1541558585
8221,829,The Good Girls,The Good Girls,2018-11-14,21:15:00,1542226500,false,12453,NA,7,Sture 2,available,http://www.stockholmfilmfestival.se/webapi/?action=add&type=ticket&id=8221,http://www.stockholmfilmfestival.se/webapi/?action=add&type=ticket&id=8221,1541289251
8222,830,Legend of the Demon Cat,Legend of the Demon Cat,2018-11-14,21:15:00,1542226500,false,12469,NA,8,Sture 3,few,http://www.stockholmfilmfestival.se/webapi/?action=add&type=ticket&id=8222,http://www.stockholmfilmfestival.se/webapi/?action=add&type=ticket&id=8222,1541422095
8223,901,Freedom Fields,Freedom Fields,2018-11-15,09:00:00,1542268800,false,12420,NA,1,Skandia,available,http://www.stockholmfilmfestival.se/webapi/?action=add&type=ticket&id=8223,http://www.stockholmfilmfestival.se/webapi/?action=add&type=ticket&id=8223,1541508585
8224,902,Twin Flower,Twin Flower,2018-11-15,10:45:00,1542275100,false,12488,NA,7,Sture 2,available,http://www.stockholmfilmfestival.se/webapi/?action=add&type=ticket&id=8224,http://www.stockholmfilmfestival.se/webapi/?action=add&type=ticket&id=8224,1541508886
8225,903,Hard Paint,Hardpaint,2018-11-15,10:45:00,1542275100,false,12404,NA,8,Sture 3,available,http://www.stockholmfilmfestival.se/webapi/?action=add&type=ticket&id=8225,http://www.stockholmfilmfestival.se/webapi/?action=add&type=ticket&id=8225,1541245259
8226,904,Little Tickles,Little Tickles,2018-11-15,11:00:00,1542276000,false,12485,NA,1,Skandia,available,http://www.stockholmfilmfestival.se/webapi/?action=add&type=ticket&id=8226,http://www.stockholmfilmfestival.se/webapi/?action=add&type=ticket&id=8226,1541542959
8227,905,Icebox,Icebox,2018-11-15,11:00:00,1542276000,false,12385,NA,6,Sture 1,available,http://www.stockholmfilmfestival.se/webapi/?action=add&type=ticket&id=8227,http://www.stockholmfilmfestival.se/webapi/?action=add&type=ticket&id=8227,1541532057
8228,906,En Armé av Älskande,An Army of Lovers,2018-11-15,12:45:00,1542282300,false,12417,NA,6,Sture 1,available,http://www.stockholmfilmfestival.se/webapi/?action=add&type=ticket&id=8228,http://www.stockholmfilmfestival.se/webapi/?action=add&type=ticket&id=8228,1541333830
8229,907,Hotel by the River,Hotel by the River,2018-11-15,13:00:00,1542283200,false,12445,NA,1,Skandia,available,http://www.stockholmfilmfestival.se/webapi/?action=add&type=ticket&id=8229,http://www.stockholmfilmfestival.se/webapi/?action=add&type=ticket&id=8229,1541543915
8230,908,Diane,Diane,2018-11-15,13:00:00,1542283200,false,12384,NA,7,Sture 2,available,http://www.stockholmfilmfestival.se/webapi/?action=add&type=ticket&id=8230,http://www.stockholmfilmfestival.se/webapi/?action=add&type=ticket&id=8230,1541514886
8231,909,Fuga,Fugue,2018-11-15,13:15:00,1542284100,false,12401,NA,8,Sture 3,few,http://www.stockholmfilmfestival.se/webapi/?action=add&type=ticket&id=8231,http://www.stockholmfilmfestival.se/webapi/?action=add&type=ticket&id=8231,1541522501
8232,910,En kniv i hjärtat,Knife + Heart,2018-11-15,14:15:00,1542287700,false,12468,NA,6,Sture 1,available,http://www.stockholmfilmfestival.se/webapi/?action=add&type=ticket&id=8232,http://www.stockholmfilmfestival.se/webapi/?action=add&type=ticket&id=8232,1541542959
8233,911,Of Fathers and Sons,Of Fathers and Sons,2018-11-15,14:45:00,1542289500,false,12496,NA,7,Sture 2,available,http://www.stockholmfilmfestival.se/webapi/?action=add&type=ticket&id=8233,http://www.stockholmfilmfestival.se/webapi/?action=add&type=ticket&id=8233,1541088371
8234,912,Lizzie,Lizzie,2018-11-15,15:00:00,1542290400,false,12457,NA,1,Skandia,available,http://www.stockholmfilmfestival.se/webapi/?action=add&type=ticket&id=8234,http://www.stockholmfilmfestival.se/webapi/?action=add&type=ticket&id=8234,1541450118
8235,913,Sofia,Sofia,2018-11-15,15:15:00,1542291300,false,12486,NA,8,Sture 3,available,http://www.stockholmfilmfestival.se/webapi/?action=add&type=ticket&id=8235,http://www.stockholmfilmfestival.se/webapi/?action=add&type=ticket&id=8235,1541504786
8236,914,The Mountain,The Mountain,2018-11-15,16:15:00,1542294900,false,12461,NA,6,Sture 1,available,http://www.stockholmfilmfestival.se/webapi/?action=add&type=ticket&id=8236,http://www.stockholmfilmfestival.se/webapi/?action=add&type=ticket&id=8236,1541512935
8237,915,"Happy New Year, Colin Burstead","Happy New Year, Colin Burstead",2018-11-15,16:45:00,1542296700,false,12444,NA,7,Sture 2,few,http://www.stockholmfilmfestival.se/webapi/?action=add&type=ticket&id=8237,http://www.stockholmfilmfestival.se/webapi/?action=add&type=ticket&id=8237,1541526975
8238,916,Puzzle,Puzzle,2018-11-15,17:00:00,1542297600,false,12392,NA,9,Klarabiografen,available,http://www.stockholmfilmfestival.se/webapi/?action=add&type=ticket&id=8238,http://www.stockholmfilmfestival.se/webapi/?action=add&type=ticket&id=8238,1541533234
8239,917,Styx,Styx,2018-11-15,17:00:00,1542297600,true,12410,NA,8,Sture 3,few,http://www.stockholmfilmfestival.se/webapi/?action=add&type=ticket&id=8239,http://www.stockholmfilmfestival.se/webapi/?action=add&type=ticket&id=8239,1541549937
8240,918,We The Animals,We The Animals,2018-11-15,17:15:00,1542298500,false,12395,NA,42,Zita 1,available,http://www.stockholmfilmfestival.se/webapi/?action=add&type=ticket&id=8240,http://www.stockholmfilmfestival.se/webapi/?action=add&type=ticket&id=8240,1541546314
8241,919,Stockholm Lifetime Achievement Award 2018 - Charlie Says,Charlie Says,2018-11-15,17:30:00,1542299400,false,12205,NA,32,Bio Rio,available,http://www.stockholmfilmfestival.se/webapi/?action=add&type=ticket&id=8241,http://www.stockholmfilmfestival.se/webapi/?action=add&type=ticket&id=8241,1541508245
8242,920,Beautiful Boy,Beautiful Boy,2018-11-15,18:00:00,1542301200,false,12382,NA,1,Skandia,available,http://www.stockholmfilmfestival.se/webapi/?action=add&type=ticket&id=8242,http://www.stockholmfilmfestival.se/webapi/?action=add&type=ticket&id=8242,1541558585
8243,921,Burning,Burning,2018-11-15,18:15:00,1542302100,false,12437,NA,6,Sture 1,available,http://www.stockholmfilmfestival.se/webapi/?action=add&type=ticket&id=8243,http://www.stockholmfilmfestival.se/webapi/?action=add&type=ticket&id=8243,1541535649
8244,922,Fahrenheit 11/9,Fahrenheit 11/9,2018-11-15,18:30:00,1542303000,false,12419,NA,50,Filmhuset Victor,available,http://www.stockholmfilmfestival.se/webapi/?action=add&type=ticket&id=8244,http://www.stockholmfilmfestival.se/webapi/?action=add&type=ticket&id=8244,1541542097
8245,923,Core of the World,Core of the World,2018-11-15,18:45:00,1542303900,true,12428,NA,7,Sture 2,available,http://www.stockholmfilmfestival.se/webapi/?action=add&type=ticket&id=8245,http://www.stockholmfilmfestival.se/webapi/?action=add&type=ticket&id=8245,1541535998
8246,924,Putin´s Witnesses,Putin´s Witnesses,2018-11-15,19:00:00,1542304800,true,12424,NA,9,Klarabiografen,available,http://www.stockholmfilmfestival.se/webapi/?action=add&type=ticket&id=8246,http://www.stockholmfilmfestival.se/webapi/?action=add&type=ticket&id=8246,1541521314
8247,925,Float Like a Butterfly,Float Like a Butterfly,2018-11-15,19:00:00,1542304800,true,12443,NA,42,Zita 1,available,http://www.stockholmfilmfestival.se/webapi/?action=add&type=ticket&id=8247,http://www.stockholmfilmfestival.se/webapi/?action=add&type=ticket&id=8247,1541492193
8248,926,Life Itself,Life Itself,2018-11-15,19:15:00,1542305700,false,12456,NA,8,Sture 3,few,http://www.stockholmfilmfestival.se/webapi/?action=add&type=ticket&id=8248,http://www.stockholmfilmfestival.se/webapi/?action=add&type=ticket&id=8248,1541547602
8249,927,Birds of Passage,Birds of Passage,2018-11-15,20:30:00,1542310200,true,12426,NA,1,Skandia,available,http://www.stockholmfilmfestival.se/webapi/?action=add&type=ticket&id=8249,http://www.stockholmfilmfestival.se/webapi/?action=add&type=ticket&id=8249,1541549937
8250,928,The Front Runner,The Front Runner,2018-11-15,21:00:00,1542312000,false,12460,NA,6,Sture 1,available,http://www.stockholmfilmfestival.se/webapi/?action=add&type=ticket&id=8250,http://www.stockholmfilmfestival.se/webapi/?action=add&type=ticket&id=8250,1541536618
8251,929,The Truk,The Truk,2018-11-15,21:15:00,1542312900,true,12487,NA,7,Sture 2,available,http://www.stockholmfilmfestival.se/webapi/?action=add&type=ticket&id=8251,http://www.stockholmfilmfestival.se/webapi/?action=add&type=ticket&id=8251,1541233743
8252,930,Lemonade,Lemonade,2018-11-15,21:30:00,1542313800,false,12484,NA,8,Sture 3,available,http://www.stockholmfilmfestival.se/webapi/?action=add&type=ticket&id=8252,http://www.stockholmfilmfestival.se/webapi/?action=add&type=ticket&id=8252,1541526520
8369,1032,This Changes Everything,This Changes Everything,2018-11-16,09:00:00,1542355200,false,12500,NA,1,Skandia,available,http://www.stockholmfilmfestival.se/webapi/?action=add&type=ticket&id=8369,http://www.stockholmfilmfestival.se/webapi/?action=add&type=ticket&id=8369,1541540901
8254,1002,Freedom Fields,Freedom Fields,2018-11-16,10:45:00,1542361500,false,12420,NA,7,Sture 2,available,http://www.stockholmfilmfestival.se/webapi/?action=add&type=ticket&id=8254,http://www.stockholmfilmfestival.se/webapi/?action=add&type=ticket&id=8254,1541445542
8255,1003,Minding The Gap,Minding The Gap,2018-11-16,10:45:00,1542361500,false,12422,NA,8,Sture 3,available,http://www.stockholmfilmfestival.se/webapi/?action=add&type=ticket&id=8255,http://www.stockholmfilmfestival.se/webapi/?action=add&type=ticket&id=8255,1541535287
8256,1004,Angel Face,Angel Face,2018-11-16,11:00:00,1542362400,false,12480,NA,1,Skandia,available,http://www.stockholmfilmfestival.se/webapi/?action=add&type=ticket&id=8256,http://www.stockholmfilmfestival.se/webapi/?action=add&type=ticket&id=8256,1541497813
8257,1005,When the trees fall,When the trees fall,2018-11-16,11:00:00,1542362400,false,12489,NA,6,Sture 1,available,http://www.stockholmfilmfestival.se/webapi/?action=add&type=ticket&id=8257,http://www.stockholmfilmfestival.se/webapi/?action=add&type=ticket&id=8257,1541500365
8258,1006,Float Like a Butterfly,Float Like a Butterfly,2018-11-16,12:45:00,1542368700,false,12443,NA,6,Sture 1,available,http://www.stockholmfilmfestival.se/webapi/?action=add&type=ticket&id=8258,http://www.stockholmfilmfestival.se/webapi/?action=add&type=ticket&id=8258,1541433970
8259,1007,EXT. Night,EXT. Night,2018-11-16,13:00:00,1542369600,false,12442,NA,1,Skandia,available,http://www.stockholmfilmfestival.se/webapi/?action=add&type=ticket&id=8259,http://www.stockholmfilmfestival.se/webapi/?action=add&type=ticket&id=8259,1541544869
8260,1008,A family Tour,A Family Tour ,2018-11-16,13:00:00,1542369600,false,12434,NA,7,Sture 2,available,http://www.stockholmfilmfestival.se/webapi/?action=add&type=ticket&id=8260,http://www.stockholmfilmfestival.se/webapi/?action=add&type=ticket&id=8260,1541526975
8261,1009,Burkinabe Rising: The art of resistance in Burkina Faso,Burkinabe Rising: The art of resistance in Burkina Faso,2018-11-16,13:00:00,1542369600,false,12492,NA,8,Sture 3,available,http://www.stockholmfilmfestival.se/webapi/?action=add&type=ticket&id=8261,http://www.stockholmfilmfestival.se/webapi/?action=add&type=ticket&id=8261,1541549239
8262,1010,Lords of Chaos,Lords of Chaos,2018-11-16,14:45:00,1542375900,false,12470,NA,6,Sture 1,available,http://www.stockholmfilmfestival.se/webapi/?action=add&type=ticket&id=8262,http://www.stockholmfilmfestival.se/webapi/?action=add&type=ticket&id=8262,1541509328
8263,1011,The Fall of the American Empire,The Fall of the American Empire,2018-11-16,15:00:00,1542376800,false,12452,NA,1,Skandia,available,http://www.stockholmfilmfestival.se/webapi/?action=add&type=ticket&id=8263,http://www.stockholmfilmfestival.se/webapi/?action=add&type=ticket&id=8263,1541333470
8264,1012,The Dark,The Dark,2018-11-16,15:00:00,1542376800,false,12476,NA,7,Sture 2,available,http://www.stockholmfilmfestival.se/webapi/?action=add&type=ticket&id=8264,http://www.stockholmfilmfestival.se/webapi/?action=add&type=ticket&id=8264,1541416784
8265,1013,Narcissister Organ Player ,Narcissister Organ Player ,2018-11-16,15:00:00,1542376800,false,12495,NA,8,Sture 3,available,http://www.stockholmfilmfestival.se/webapi/?action=add&type=ticket&id=8265,http://www.stockholmfilmfestival.se/webapi/?action=add&type=ticket&id=8265,1539676402
8266,1014,El Angel,El Angel,2018-11-16,16:45:00,1542383100,false,12441,NA,7,Sture 2,soldout,NA,NA,1541503105
8267,1015,Let Me Fall,Let Me Fall,2018-11-16,16:45:00,1542383100,false,12447,NA,8,Sture 3,few,http://www.stockholmfilmfestival.se/webapi/?action=add&type=ticket&id=8267,http://www.stockholmfilmfestival.se/webapi/?action=add&type=ticket&id=8267,1541187187
8268,1016,Ray & Liz,Ray & Liz,2018-11-16,17:00:00,1542384000,false,12432,NA,9,Klarabiografen,available,http://www.stockholmfilmfestival.se/webapi/?action=add&type=ticket&id=8268,http://www.stockholmfilmfestival.se/webapi/?action=add&type=ticket&id=8268,1541420950
8269,1017,A Kid Like Jake,A Kid Like Jake,2018-11-16,17:00:00,1542384000,false,12379,NA,6,Sture 1,available,http://www.stockholmfilmfestival.se/webapi/?action=add&type=ticket&id=8269,http://www.stockholmfilmfestival.se/webapi/?action=add&type=ticket&id=8269,1541549239
8270,1018,I See Red People ,I see Red People,2018-11-16,17:00:00,1542384000,false,12421,NA,42,Zita 1,available,http://www.stockholmfilmfestival.se/webapi/?action=add&type=ticket&id=8270,http://www.stockholmfilmfestival.se/webapi/?action=add&type=ticket&id=8270,1541405973
8271,1019,Chelas arv,The Heiresses,2018-11-16,18:30:00,1542389400,false,12398,NA,33,Filmhuset Mauritz,available,http://www.stockholmfilmfestival.se/webapi/?action=add&type=ticket&id=8271,http://www.stockholmfilmfestival.se/webapi/?action=add&type=ticket&id=8271,1541549937
8272,1020,Vox Lux,Vox Lux,2018-11-16,18:30:00,1542389400,true,12433,NA,1,Skandia,available,http://www.stockholmfilmfestival.se/webapi/?action=add&type=ticket&id=8272,http://www.stockholmfilmfestival.se/webapi/?action=add&type=ticket&id=8272,1541554471
8273,1021,Shoplifters,Shoplifters,2018-11-16,18:45:00,1542390300,false,12450,NA,6,Sture 1,soldout,NA,NA,1541535649
8274,1022,Vision,Vision,2018-11-16,18:45:00,1542390300,false,12466,NA,42,Zita 1,available,http://www.stockholmfilmfestival.se/webapi/?action=add&type=ticket&id=8274,http://www.stockholmfilmfestival.se/webapi/?action=add&type=ticket&id=8274,1541506230
8275,1023,Studio 54,Studio 54,2018-11-16,19:00:00,1542391200,false,12498,NA,9,Klarabiografen,available,http://www.stockholmfilmfestival.se/webapi/?action=add&type=ticket&id=8275,http://www.stockholmfilmfestival.se/webapi/?action=add&type=ticket&id=8275,1541530227
8276,1024,The Wind,The Wind ,2018-11-16,19:00:00,1542391200,false,12478,NA,7,Sture 2,available,http://www.stockholmfilmfestival.se/webapi/?action=add&type=ticket&id=8276,http://www.stockholmfilmfestival.se/webapi/?action=add&type=ticket&id=8276,1541540009
8277,1025,Nancy,Nancy,2018-11-16,19:30:00,1542393000,false,12390,NA,8,Sture 3,few,http://www.stockholmfilmfestival.se/webapi/?action=add&type=ticket&id=8277,http://www.stockholmfilmfestival.se/webapi/?action=add&type=ticket&id=8277,1541493207
8278,1026,Suspiria,Suspiria,2018-11-16,20:00:00,1542394800,false,12459,NA,32,Bio Rio,available,http://www.stockholmfilmfestival.se/webapi/?action=add&type=ticket&id=8278,http://www.stockholmfilmfestival.se/webapi/?action=add&type=ticket&id=8278,1541558585
8279,1027,Genesis,Genesis,2018-11-16,20:45:00,1542397500,true,12402,NA,7,Sture 2,few,http://www.stockholmfilmfestival.se/webapi/?action=add&type=ticket&id=8279,http://www.stockholmfilmfestival.se/webapi/?action=add&type=ticket&id=8279,1541532928
8280,1028,Burning,Burning,2018-11-16,20:45:00,1542397500,false,12437,NA,42,Zita 1,available,http://www.stockholmfilmfestival.se/webapi/?action=add&type=ticket&id=8280,http://www.stockholmfilmfestival.se/webapi/?action=add&type=ticket&id=8280,1541544869
8281,1029,Stockholm Lifetime Achievement Award 2018 - Charlie Says,Charlie Says,2018-11-16,21:00:00,1542398400,false,12205,NA,6,Sture 1,available,http://www.stockholmfilmfestival.se/webapi/?action=add&type=ticket&id=8281,http://www.stockholmfilmfestival.se/webapi/?action=add&type=ticket&id=8281,1541364626
8282,1030,Pig,Pig,2018-11-16,21:15:00,1542399300,false,12473,NA,8,Sture 3,available,http://www.stockholmfilmfestival.se/webapi/?action=add&type=ticket&id=8282,http://www.stockholmfilmfestival.se/webapi/?action=add&type=ticket&id=8282,1540830504
8283,1031,Under en öppen himmel / Wildlife,Wildlife,2018-11-16,21:30:00,1542400200,false,12416,NA,1,Skandia,available,http://www.stockholmfilmfestival.se/webapi/?action=add&type=ticket&id=8283,http://www.stockholmfilmfestival.se/webapi/?action=add&type=ticket&id=8283,1541548849
8284,1101,The Mountain,The Mountain,2018-11-17,09:00:00,1542441600,false,12461,NA,1,Skandia,available,http://www.stockholmfilmfestival.se/webapi/?action=add&type=ticket&id=8284,http://www.stockholmfilmfestival.se/webapi/?action=add&type=ticket&id=8284,1541420990
8285,1102,"Mirai, min lillasyser","Miraï, My Little Sister",2018-11-17,10:45:00,1542447900,false,12448,NA,6,Sture 1,available,http://www.stockholmfilmfestival.se/webapi/?action=add&type=ticket&id=8285,http://www.stockholmfilmfestival.se/webapi/?action=add&type=ticket&id=8285,1541563814
8286,1103,Skate Kitchen,Skate Kitchen,2018-11-17,11:00:00,1542448800,false,12409,NA,1,Skandia,available,http://www.stockholmfilmfestival.se/webapi/?action=add&type=ticket&id=8286,http://www.stockholmfilmfestival.se/webapi/?action=add&type=ticket&id=8286,1541539117
8287,1104,Night Comes On,Night Comes On,2018-11-17,11:00:00,1542448800,false,12391,NA,7,Sture 2,available,http://www.stockholmfilmfestival.se/webapi/?action=add&type=ticket&id=8287,http://www.stockholmfilmfestival.se/webapi/?action=add&type=ticket&id=8287,1541368501
8288,1105,Shock Waves: Diary of my Mind,Shock Waves: Diary of my Mind,2018-11-17,11:00:00,1542448800,false,12449,NA,8,Sture 3,few,http://www.stockholmfilmfestival.se/webapi/?action=add&type=ticket&id=8288,http://www.stockholmfilmfestival.se/webapi/?action=add&type=ticket&id=8288,1541537320
8289,1106,I See Red People ,I see Red People,2018-11-17,11:30:00,1542450600,false,12421,NA,9,Klarabiografen,available,http://www.stockholmfilmfestival.se/webapi/?action=add&type=ticket&id=8289,http://www.stockholmfilmfestival.se/webapi/?action=add&type=ticket&id=8289,1541358772
8290,1107,One Cut of the Dead,One Cut of the Dead,2018-11-17,12:30:00,1542454200,false,12471,NA,8,Sture 3,soldout,NA,NA,1541534278
8291,1108,Spirited Away,Spirited Away,2018-11-17,12:45:00,1542455100,false,12532,NA,6,Sture 1,available,http://www.stockholmfilmfestival.se/webapi/?action=add&type=ticket&id=8291,http://www.stockholmfilmfestival.se/webapi/?action=add&type=ticket&id=8291,1541495998
8292,1109,American Animals,American Animals,2018-11-17,13:00:00,1542456000,false,12381,NA,1,Skandia,available,http://www.stockholmfilmfestival.se/webapi/?action=add&type=ticket&id=8292,http://www.stockholmfilmfestival.se/webapi/?action=add&type=ticket&id=8292,1541443108
8293,1110,Stockholm XXIX Short Film Competition: Mystik,Stockholm XXIX Short Film Competition: Mystery,2018-11-17,13:00:00,1542456000,false,12537,NA,7,Sture 2,few,http://www.stockholmfilmfestival.se/webapi/?action=add&type=ticket&id=8293,http://www.stockholmfilmfestival.se/webapi/?action=add&type=ticket&id=8293,1541423912
8294,1111,En dag till att leva,Another Day of Life,2018-11-17,13:00:00,1542456000,false,12482,NA,42,Zita 1,available,http://www.stockholmfilmfestival.se/webapi/?action=add&type=ticket&id=8294,http://www.stockholmfilmfestival.se/webapi/?action=add&type=ticket&id=8294,1541546658
8295,1112,In the Aisles,In the Aisles,2018-11-17,14:00:00,1542459600,false,12446,NA,9,Klarabiografen,available,http://www.stockholmfilmfestival.se/webapi/?action=add&type=ticket&id=8295,http://www.stockholmfilmfestival.se/webapi/?action=add&type=ticket&id=8295,1541526325
8296,1113,Blaze ,Blaze,2018-11-17,14:30:00,1542461400,false,12383,NA,8,Sture 3,few,http://www.stockholmfilmfestival.se/webapi/?action=add&type=ticket&id=8296,http://www.stockholmfilmfestival.se/webapi/?action=add&type=ticket&id=8296,1541544869
8297,1114,Black 47,Black 47,2018-11-17,15:00:00,1542463200,false,12454,NA,6,Sture 1,available,http://www.stockholmfilmfestival.se/webapi/?action=add&type=ticket&id=8297,http://www.stockholmfilmfestival.se/webapi/?action=add&type=ticket&id=8297,1541514327
8298,1115,Museo,Museum,2018-11-17,15:00:00,1542463200,false,12406,NA,42,Zita 1,available,http://www.stockholmfilmfestival.se/webapi/?action=add&type=ticket&id=8298,http://www.stockholmfilmfestival.se/webapi/?action=add&type=ticket&id=8298,1541533234
8299,1116,The Kindergarten Teacher,The Kindergarten Teacher,2018-11-17,15:15:00,1542464100,false,12414,NA,7,Sture 2,soldout,NA,NA,1540463997
8300,1117,Capernaum,Capernaum,2018-11-17,15:30:00,1542465000,false,12397,NA,1,Skandia,available,http://www.stockholmfilmfestival.se/webapi/?action=add&type=ticket&id=8300,http://www.stockholmfilmfestival.se/webapi/?action=add&type=ticket&id=8300,1541535999
8301,1118,Birds of Passage,Birds of Passage,2018-11-17,16:30:00,1542468600,false,12426,NA,9,Klarabiografen,few,http://www.stockholmfilmfestival.se/webapi/?action=add&type=ticket&id=8301,http://www.stockholmfilmfestival.se/webapi/?action=add&type=ticket&id=8301,1541549239
8302,1119,Asako I&II,Asako I&II,2018-11-17,17:00:00,1542470400,false,12436,NA,50,Filmhuset Victor,available,http://www.stockholmfilmfestival.se/webapi/?action=add&type=ticket&id=8302,http://www.stockholmfilmfestival.se/webapi/?action=add&type=ticket&id=8302,1541519789
8303,1120,Under en öppen himmel / Wildlife,Wildlife,2018-11-17,17:00:00,1542470400,false,12416,NA,6,Sture 1,available,http://www.stockholmfilmfestival.se/webapi/?action=add&type=ticket&id=8303,http://www.stockholmfilmfestival.se/webapi/?action=add&type=ticket&id=8303,1541545518
8304,1121,Donbass,Donbass,2018-11-17,17:15:00,1542471300,false,12429,NA,7,Sture 2,few,http://www.stockholmfilmfestival.se/webapi/?action=add&type=ticket&id=8304,http://www.stockholmfilmfestival.se/webapi/?action=add&type=ticket&id=8304,1541529440
8305,1122,Little Tickles,Little Tickles,2018-11-17,17:15:00,1542471300,false,12485,NA,8,Sture 3,available,http://www.stockholmfilmfestival.se/webapi/?action=add&type=ticket&id=8305,http://www.stockholmfilmfestival.se/webapi/?action=add&type=ticket&id=8305,1541500365
8306,1123,Shoplifters,Shoplifters,2018-11-17,17:30:00,1542472200,false,12450,NA,32,Bio Rio,soldout,NA,NA,1541523186
8307,1124,The Wind,The Wind ,2018-11-17,17:30:00,1542472200,false,12478,NA,42,Zita 1,available,http://www.stockholmfilmfestival.se/webapi/?action=add&type=ticket&id=8307,http://www.stockholmfilmfestival.se/webapi/?action=add&type=ticket&id=8307,1541517229
8308,1125,Vox Lux,Vox Lux,2018-11-17,18:00:00,1542474000,false,12433,NA,1,Skandia,available,http://www.stockholmfilmfestival.se/webapi/?action=add&type=ticket&id=8308,http://www.stockholmfilmfestival.se/webapi/?action=add&type=ticket&id=8308,1541548848
8309,1126,The Fall of the American Empire,The Fall of the American Empire,2018-11-17,19:00:00,1542477600,false,12452,NA,9,Klarabiografen,available,http://www.stockholmfilmfestival.se/webapi/?action=add&type=ticket&id=8309,http://www.stockholmfilmfestival.se/webapi/?action=add&type=ticket&id=8309,1541276578
8310,1127,Beautiful Boy,Beautiful Boy,2018-11-17,19:00:00,1542477600,false,12382,NA,6,Sture 1,available,http://www.stockholmfilmfestival.se/webapi/?action=add&type=ticket&id=8310,http://www.stockholmfilmfestival.se/webapi/?action=add&type=ticket&id=8310,1541539668
8311,1128,Burning,Burning,2018-11-17,19:15:00,1542478500,false,12437,NA,50,Filmhuset Victor,available,http://www.stockholmfilmfestival.se/webapi/?action=add&type=ticket&id=8311,http://www.stockholmfilmfestival.se/webapi/?action=add&type=ticket&id=8311,1541549937
8312,1129,When the trees fall,When the trees fall,2018-11-17,19:15:00,1542478500,false,12489,NA,8,Sture 3,available,http://www.stockholmfilmfestival.se/webapi/?action=add&type=ticket&id=8312,http://www.stockholmfilmfestival.se/webapi/?action=add&type=ticket&id=8312,1541508464
8313,1130,The World is Yours,The World is Yours,2018-11-17,19:15:00,1542478500,false,12465,NA,42,Zita 1,available,http://www.stockholmfilmfestival.se/webapi/?action=add&type=ticket&id=8313,http://www.stockholmfilmfestival.se/webapi/?action=add&type=ticket&id=8313,1541520034
8314,1131,The Innocent,The Innocent,2018-11-17,19:30:00,1542479400,false,12413,NA,7,Sture 2,available,http://www.stockholmfilmfestival.se/webapi/?action=add&type=ticket&id=8314,http://www.stockholmfilmfestival.se/webapi/?action=add&type=ticket&id=8314,1540233059
8315,1132,X&Y - Invigningsfilm,X&Y,2018-11-17,20:00:00,1542481200,false,12196,NA,32,Bio Rio,available,http://www.stockholmfilmfestival.se/webapi/?action=add&type=ticket&id=8315,http://www.stockholmfilmfestival.se/webapi/?action=add&type=ticket&id=8315,1541540524
7266,1100,The Favourite - Avslutningsfilm,The Favourite,2018-11-17,21:00:00,1542484800,false,12201,NA,1,Skandia,available,http://www.stockholmfilmfestival.se/webapi/?action=add&type=ticket&id=7266,http://www.stockholmfilmfestival.se/webapi/?action=add&type=ticket&id=7266,1541548848
8316,1133,Piercing,Piercing,2018-11-17,21:00:00,1542484800,false,12472,NA,8,Sture 3,available,http://www.stockholmfilmfestival.se/webapi/?action=add&type=ticket&id=8316,http://www.stockholmfilmfestival.se/webapi/?action=add&type=ticket&id=8316,1540738561
8317,1134,Sunset,Sunset,2018-11-17,21:15:00,1542485700,true,12411,NA,6,Sture 1,available,http://www.stockholmfilmfestival.se/webapi/?action=add&type=ticket&id=8317,http://www.stockholmfilmfestival.se/webapi/?action=add&type=ticket&id=8317,1541510631
8318,1135,Prospect,Prospect,2018-11-17,21:15:00,1542485700,false,12474,NA,42,Zita 1,available,http://www.stockholmfilmfestival.se/webapi/?action=add&type=ticket&id=8318,http://www.stockholmfilmfestival.se/webapi/?action=add&type=ticket&id=8318,1541542482
8319,1136,Tumbbad,Tumbbad,2018-11-17,21:45:00,1542487500,false,12479,NA,7,Sture 2,available,http://www.stockholmfilmfestival.se/webapi/?action=add&type=ticket&id=8319,http://www.stockholmfilmfestival.se/webapi/?action=add&type=ticket&id=8319,1541289251
8320,1201,The World is Yours,The World is Yours,2018-11-18,09:00:00,1542528000,false,12465,NA,1,Skandia,available,http://www.stockholmfilmfestival.se/webapi/?action=add&type=ticket&id=8320,http://www.stockholmfilmfestival.se/webapi/?action=add&type=ticket&id=8320,1541521421
8321,1202,"Love, Gilda","Love, Gilda",2018-11-18,10:45:00,1542534300,true,12494,NA,7,Sture 2,few,http://www.stockholmfilmfestival.se/webapi/?action=add&type=ticket&id=8321,http://www.stockholmfilmfestival.se/webapi/?action=add&type=ticket&id=8321,1541533993
8322,1203,EXT. Night,EXT. Night,2018-11-18,10:45:00,1542534300,false,12442,NA,8,Sture 3,available,http://www.stockholmfilmfestival.se/webapi/?action=add&type=ticket&id=8322,http://www.stockholmfilmfestival.se/webapi/?action=add&type=ticket&id=8322,1540975082
8323,1204,Museo,Museum,2018-11-18,11:00:00,1542535200,false,12406,NA,1,Skandia,available,http://www.stockholmfilmfestival.se/webapi/?action=add&type=ticket&id=8323,http://www.stockholmfilmfestival.se/webapi/?action=add&type=ticket&id=8323,1541536623
8324,1205,The Old Man and the Gun,The Old Man and the Gun,2018-11-18,11:00:00,1542535200,false,12462,NA,6,Sture 1,available,http://www.stockholmfilmfestival.se/webapi/?action=add&type=ticket&id=8324,http://www.stockholmfilmfestival.se/webapi/?action=add&type=ticket&id=8324,1541567675
8325,1206,Stockholm XXIX Short Film Competition: Sociala frågor i fokus,Stockholm XXIX Short Film Competition: Focusing on Social Issues,2018-11-18,11:30:00,1542537000,false,12536,NA,9,Klarabiografen,available,http://www.stockholmfilmfestival.se/webapi/?action=add&type=ticket&id=8325,http://www.stockholmfilmfestival.se/webapi/?action=add&type=ticket&id=8325,1541075185
8326,1207,Skate Kitchen,Skate Kitchen,2018-11-18,12:45:00,1542541500,false,12409,NA,6,Sture 1,available,http://www.stockholmfilmfestival.se/webapi/?action=add&type=ticket&id=8326,http://www.stockholmfilmfestival.se/webapi/?action=add&type=ticket&id=8326,1541544360
8327,1208,En Armé av Älskande,An Army of Lovers,2018-11-18,13:00:00,1542542400,false,12417,NA,7,Sture 2,available,http://www.stockholmfilmfestival.se/webapi/?action=add&type=ticket&id=8327,http://www.stockholmfilmfestival.se/webapi/?action=add&type=ticket&id=8327,1541172374
8328,1209,This Changes Everything,This Changes Everything,2018-11-18,13:00:00,1542542400,true,12500,NA,8,Sture 3,few,http://www.stockholmfilmfestival.se/webapi/?action=add&type=ticket&id=8328,http://www.stockholmfilmfestival.se/webapi/?action=add&type=ticket&id=8328,1541530722
8329,1210,Madeline's Madeline,Madeline's Madeline,2018-11-18,13:00:00,1542542400,false,12387,NA,42,Zita 1,available,http://www.stockholmfilmfestival.se/webapi/?action=add&type=ticket&id=8329,http://www.stockholmfilmfestival.se/webapi/?action=add&type=ticket&id=8329,1541544869
8330,1211,Sunset,Sunset,2018-11-18,13:30:00,1542544200,false,12411,NA,1,Skandia,available,http://www.stockholmfilmfestival.se/webapi/?action=add&type=ticket&id=8330,http://www.stockholmfilmfestival.se/webapi/?action=add&type=ticket&id=8330,1541531140
8331,1212,Donbass,Donbass,2018-11-18,14:00:00,1542546000,false,12429,NA,9,Klarabiografen,few,http://www.stockholmfilmfestival.se/webapi/?action=add&type=ticket&id=8331,http://www.stockholmfilmfestival.se/webapi/?action=add&type=ticket&id=8331,1541514867
8332,1213,Manta Ray,Manta Ray,2018-11-18,14:30:00,1542547800,false,12431,NA,7,Sture 2,few,http://www.stockholmfilmfestival.se/webapi/?action=add&type=ticket&id=8332,http://www.stockholmfilmfestival.se/webapi/?action=add&type=ticket&id=8332,1541544360
8333,1214,Girl,Girl,2018-11-18,14:45:00,1542548700,false,12403,NA,6,Sture 1,available,http://www.stockholmfilmfestival.se/webapi/?action=add&type=ticket&id=8333,http://www.stockholmfilmfestival.se/webapi/?action=add&type=ticket&id=8333,1541567339
8334,1215,A Kid Like Jake,A Kid Like Jake,2018-11-18,15:00:00,1542549600,false,12379,NA,42,Zita 1,available,http://www.stockholmfilmfestival.se/webapi/?action=add&type=ticket&id=8334,http://www.stockholmfilmfestival.se/webapi/?action=add&type=ticket&id=8334,1541524035
8335,1216,Ex-Shaman,Ex-Shaman,2018-11-18,15:15:00,1542550500,false,12418,NA,8,Sture 3,available,http://www.stockholmfilmfestival.se/webapi/?action=add&type=ticket&id=8335,http://www.stockholmfilmfestival.se/webapi/?action=add&type=ticket&id=8335,1541352140
8336,1217,The Favourite - Avslutningsfilm,The Favourite,2018-11-18,16:15:00,1542554100,false,12201,NA,1,Skandia,available,http://www.stockholmfilmfestival.se/webapi/?action=add&type=ticket&id=8336,http://www.stockholmfilmfestival.se/webapi/?action=add&type=ticket&id=8336,1541550285
8337,1218,Legend of the Demon Cat,Legend of the Demon Cat,2018-11-18,16:30:00,1542555000,false,12469,NA,9,Klarabiografen,few,http://www.stockholmfilmfestival.se/webapi/?action=add&type=ticket&id=8337,http://www.stockholmfilmfestival.se/webapi/?action=add&type=ticket&id=8337,1541544360
8338,1219,The Front Runner,The Front Runner,2018-11-18,16:30:00,1542555000,false,12460,NA,7,Sture 2,available,http://www.stockholmfilmfestival.se/webapi/?action=add&type=ticket&id=8338,http://www.stockholmfilmfestival.se/webapi/?action=add&type=ticket&id=8338,1541514717
8339,1220,Beautiful Boy,Beautiful Boy,2018-11-18,16:45:00,1542555900,false,12382,NA,6,Sture 1,available,http://www.stockholmfilmfestival.se/webapi/?action=add&type=ticket&id=8339,http://www.stockholmfilmfestival.se/webapi/?action=add&type=ticket&id=8339,1541540009
8340,1221,Our New President ,Our New President ,2018-11-18,17:00:00,1542556800,false,12497,NA,33,Filmhuset Mauritz,available,http://www.stockholmfilmfestival.se/webapi/?action=add&type=ticket&id=8340,http://www.stockholmfilmfestival.se/webapi/?action=add&type=ticket&id=8340,1541540901
8341,1222,Cold Sweat,Cold Sweat,2018-11-18,17:00:00,1542556800,false,12427,NA,8,Sture 3,few,http://www.stockholmfilmfestival.se/webapi/?action=add&type=ticket&id=8341,http://www.stockholmfilmfestival.se/webapi/?action=add&type=ticket&id=8341,1541125583
8342,1223,All Good,All Good,2018-11-18,17:00:00,1542556800,false,12396,NA,42,Zita 1,available,http://www.stockholmfilmfestival.se/webapi/?action=add&type=ticket&id=8342,http://www.stockholmfilmfestival.se/webapi/?action=add&type=ticket&id=8342,1541537320
8343,1224,Vox Lux,Vox Lux,2018-11-18,18:30:00,1542562200,false,12433,NA,1,Skandia,available,http://www.stockholmfilmfestival.se/webapi/?action=add&type=ticket&id=8343,http://www.stockholmfilmfestival.se/webapi/?action=add&type=ticket&id=8343,1541539191
8344,1225,Shoplifters,Shoplifters,2018-11-18,18:45:00,1542563100,false,12450,NA,7,Sture 2,soldout,NA,NA,1540243294
8345,1226,"Mirai, min lillasyser","Miraï, My Little Sister",2018-11-18,18:45:00,1542563100,false,12448,NA,8,Sture 3,few,http://www.stockholmfilmfestival.se/webapi/?action=add&type=ticket&id=8345,http://www.stockholmfilmfestival.se/webapi/?action=add&type=ticket&id=8345,1541532369
8346,1227,Piercing,Piercing,2018-11-18,19:00:00,1542564000,false,12472,NA,9,Klarabiografen,available,http://www.stockholmfilmfestival.se/webapi/?action=add&type=ticket&id=8346,http://www.stockholmfilmfestival.se/webapi/?action=add&type=ticket&id=8346,1541544869
8347,1228,The Innocent,The Innocent,2018-11-18,19:00:00,1542564000,true,12413,NA,33,Filmhuset Mauritz,available,http://www.stockholmfilmfestival.se/webapi/?action=add&type=ticket&id=8347,http://www.stockholmfilmfestival.se/webapi/?action=add&type=ticket&id=8347,1541514867
8348,1229,X&Y - Invigningsfilm,X&Y,2018-11-18,19:00:00,1542564000,false,12196,NA,6,Sture 1,available,http://www.stockholmfilmfestival.se/webapi/?action=add&type=ticket&id=8348,http://www.stockholmfilmfestival.se/webapi/?action=add&type=ticket&id=8348,1541566540
8349,1230,A family Tour,A Family Tour ,2018-11-18,19:00:00,1542564000,false,12434,NA,42,Zita 1,available,http://www.stockholmfilmfestival.se/webapi/?action=add&type=ticket&id=8349,http://www.stockholmfilmfestival.se/webapi/?action=add&type=ticket&id=8349,1541537320
8350,1231,The Favourite - Avslutningsfilm,The Favourite,2018-11-18,20:45:00,1542570300,false,12201,NA,1,Skandia,available,http://www.stockholmfilmfestival.se/webapi/?action=add&type=ticket&id=8350,http://www.stockholmfilmfestival.se/webapi/?action=add&type=ticket&id=8350,1541544869
8351,1232,The Kindergarten Teacher,The Kindergarten Teacher,2018-11-18,21:00:00,1542571200,false,12414,NA,7,Sture 2,soldout,NA,NA,1541355427
8352,1233,Blaze ,Blaze,2018-11-18,21:00:00,1542571200,false,12383,NA,8,Sture 3,available,http://www.stockholmfilmfestival.se/webapi/?action=add&type=ticket&id=8352,http://www.stockholmfilmfestival.se/webapi/?action=add&type=ticket&id=8352,1541518900
8353,1234,Vinnarfilm 2018,Winning film 2018,2018-11-18,21:15:00,1542572100,false,12546,NA,6,Sture 1,available,http://www.stockholmfilmfestival.se/webapi/?action=add&type=ticket&id=8353,http://www.stockholmfilmfestival.se/webapi/?action=add&type=ticket&id=8353,1541541971
