Program,Inriktning,Kursreg,Kurskod,Hskpoäng,TG-hskpoäng,Betyg,Datum,Total Hskpoäng,Stjärna,Provkod,Hskpoäng_1,TG-hskpoäng_1,Betyg_1,Spec,Datum_1,Projekttitel,Provkod_1,Hskpoäng_2,TG-hskpoäng_2,Betyg_2,Spec_1,Datum_2,Projekttitel_1,Provkod_2,Hskpoäng_3,TG-hskpoäng_3,Betyg_3,Spec_2,Datum_3,Projekttitel_2,Provkod_3,Hskpoäng_4,TG-hskpoäng_4,Betyg_4,Spec_3,Datum_4,Projekttitel_3,Provkod_4,Hskpoäng_5,TG-hskpoäng_5,Betyg_5,Spec_4,Datum_5,Projekttitel_4,Provkod_5,Hskpoäng_6,TG-hskpoäng_6,Betyg_6,Spec_5,Datum_6,Projekttitel_5,Provkod_6,Hskpoäng_7,TG-hskpoäng_7,Betyg_7,Spec_6,Datum_7,Projekttitel_6,Provkod_7,Hskpoäng_8,TG-hskpoäng_8,Betyg_8,Spec_7,Datum_8,Projekttitel_7,Provkod_8,Hskpoäng_9,TG-hskpoäng_9,Betyg_9,Spec_8,Datum_9,Projekttitel_8,Provkod_9,Hskpoäng_10,TG-hskpoäng_10,Betyg_10,Spec_9,Datum_10,Projekttitel_9,Provkod_10,Hskpoäng_11,TG-hskpoäng_11,Betyg_11,Spec_10,Datum_11,Projekttitel_10,Provkod_11,Hskpoäng_12,TG-hskpoäng_12,Betyg_12,Spec_11,Datum_12,Projekttitel_11,Provkod_12,Hskpoäng_13,TG-hskpoäng_13,Betyg_13,Spec_12,Datum_13,Projekttitel_12,Provkod_13,Hskpoäng_14,TG-hskpoäng_14,Betyg_14,Spec_13,Datum_14,Projekttitel_13
NMATK, _,H14,MM2001,30.0,NA,C,2015-05-29,30.0,*,M101,1.5,NA,G,NA,2014-09-24,NA,M102,1.5,NA,G,NA,2014-10-15,NA,M103,1.5,NA,G,NA,2014-10-29,NA,M104,7.5,NA,D,NA,2015-05-09,NA,M105,1.5,NA,G,NA,2015-02-11,NA,M106,1.5,NA,G,NA,2015-03-04,NA,M107,1.5,NA,G,NA,2015-03-18,NA,M108,7.5,NA,C,NA,2015-05-19,NA,M115,1.5,NA,G,NA,2015-01-09,NA,M116,1.5,NA,G,NA,2015-05-21,NA,M117,1.5,NA,G,NA,2015-01-28,NA,M118,1.5,NA,G,NA,2015-05-29,NA,NA,NA,NA,NA,NA,NA,NA,NA,NA,NA,NA,NA,NA,NA
NMATK, _,H12,MM2001,NA,NA,NA,NA,1.5,NA,M101,1.5,NA,G,NA,2012-09-19,NA,M102,0.0,NA,U,NA,2012-12-12,NA,M104,0.0,NA,F,NA,2012-12-08,NA,M106,0.0,NA,U,NA,2012-12-12,NA,NA,NA,NA,NA,NA,NA,NA,NA,NA,NA,NA,NA,NA,NA,NA,NA,NA,NA,NA,NA,NA,NA,NA,NA,NA,NA,NA,NA,NA,NA,NA,NA,NA,NA,NA,NA,NA,NA,NA,NA,NA,NA,NA,NA,NA,NA,NA,NA,NA,NA,NA,NA,NA,NA,NA,NA,NA,NA,NA,NA,NA,NA,NA,NA,NA,NA,NA,NA,NA,NA
FRIST,NA,H12,MM2001,NA,NA,NA,NA,7.5,NA,M101,1.5,NA,G,NA,2012-11-07,NA,M102,1.5,NA,G,NA,2012-11-07,NA,M103,1.5,NA,G,NA,2012-11-07,NA,M104,0.0,NA,F,NA,2013-01-11,NA,M115,1.5,NA,G,NA,2012-12-07,NA,M117,1.5,NA,G,NA,2013-01-09,NA,NA,NA,NA,NA,NA,NA,NA,NA,NA,NA,NA,NA,NA,NA,NA,NA,NA,NA,NA,NA,NA,NA,NA,NA,NA,NA,NA,NA,NA,NA,NA,NA,NA,NA,NA,NA,NA,NA,NA,NA,NA,NA,NA,NA,NA,NA,NA,NA,NA,NA,NA,NA,NA,NA,NA,NA
NMATK, _,H12,MM2001,30.0,NA,B,2013-01-09,30.0,*,M101,1.5,NA,G,NA,2012-09-19,NA,M102,1.5,NA,G,NA,2012-10-05,NA,M103,1.5,NA,G,NA,2012-10-24,NA,M104,7.5,NA,B,NA,2012-12-08,NA,M105,1.5,NA,G,NA,2012-09-26,NA,M106,1.5,NA,G,NA,2012-10-17,NA,M107,1.5,NA,G,NA,2012-10-31,NA,M108,7.5,NA,B,NA,2012-12-19,NA,M109,3.0,NA,G,NA,2012-12-21,NA,M110,3.0,NA,G,NA,2013-01-09,NA,NA,NA,NA,NA,NA,NA,NA,NA,NA,NA,NA,NA,NA,NA,NA,NA,NA,NA,NA,NA,NA,NA,NA,NA,NA,NA,NA,NA
FRIST,NA,V15,MM2001,NA,NA,NA,NA,10.5,NA,M101,1.5,NA,G,NA,2015-04-08,NA,M102,1.5,NA,G,NA,2015-04-08,NA,M103,1.5,NA,G,NA,2015-04-08,NA,M104,0.0,NA,F,NA,2015-08-17,NA,M105,1.5,NA,G,NA,2016-04-06,NA,M106,1.5,NA,G,NA,2016-04-06,NA,M107,1.5,NA,G,NA,2016-04-06,NA,M115,1.5,NA,G,NA,2015-06-10,NA,NA,NA,NA,NA,NA,NA,NA,NA,NA,NA,NA,NA,NA,NA,NA,NA,NA,NA,NA,NA,NA,NA,NA,NA,NA,NA,NA,NA,NA,NA,NA,NA,NA,NA,NA,NA,NA,NA,NA,NA,NA,NA
NSFKY, _,H14,MM2001,NA,NA,NA,NA,28.5,NA,M101,1.5,NA,G,NA,2014-09-24,NA,M102,1.5,NA,G,NA,2014-11-05,NA,M103,1.5,NA,G,NA,2014-11-19,NA,M105,1.5,NA,G,NA,2014-10-08,NA,M106,1.5,NA,G,NA,2014-11-05,NA,M107,0.0,NA,U,NA,2015-05-27,NA,M109,3.0,NA,G,NA,2015-05-21,NA,M110,3.0,NA,G,NA,2015-05-25,NA,M119,6.0,NA,E,NA,2015-05-19,NA,M120,9.0,NA,E,NA,2015-05-21,NA,NA,NA,NA,NA,NA,NA,NA,NA,NA,NA,NA,NA,NA,NA,NA,NA,NA,NA,NA,NA,NA,NA,NA,NA,NA,NA,NA,NA
FRIST,NA,H12,MM2001,NA,NA,NA,NA,13.5,NA,M101,1.5,NA,G,NA,2012-09-19,NA,M102,1.5,NA,G,NA,2012-10-03,NA,M103,1.5,NA,G,NA,2012-10-24,NA,M104,7.5,NA,C,NA,2013-01-11,NA,M115,1.5,NA,G,NA,2012-12-21,NA,NA,NA,NA,NA,NA,NA,NA,NA,NA,NA,NA,NA,NA,NA,NA,NA,NA,NA,NA,NA,NA,NA,NA,NA,NA,NA,NA,NA,NA,NA,NA,NA,NA,NA,NA,NA,NA,NA,NA,NA,NA,NA,NA,NA,NA,NA,NA,NA,NA,NA,NA,NA,NA,NA,NA,NA,NA,NA,NA,NA,NA,NA,NA
FRIST,NA,H10,MM2001,NA,NA,NA,NA,0.0,NA,M101,0.0,NA,U,NA,2010-09-08,NA,NA,NA,NA,NA,NA,NA,NA,NA,NA,NA,NA,NA,NA,NA,NA,NA,NA,NA,NA,NA,NA,NA,NA,NA,NA,NA,NA,NA,NA,NA,NA,NA,NA,NA,NA,NA,NA,NA,NA,NA,NA,NA,NA,NA,NA,NA,NA,NA,NA,NA,NA,NA,NA,NA,NA,NA,NA,NA,NA,NA,NA,NA,NA,NA,NA,NA,NA,NA,NA,NA,NA,NA,NA,NA,NA,NA,NA,NA,NA,NA,NA,NA,NA,NA,NA,NA,NA,NA,NA,NA,NA
NDAVK, _,H13,MM2001,NA,NA,NA,NA,4.5,NA,M101,1.5,NA,G,NA,2013-11-06,NA,M102,1.5,NA,G,NA,2013-10-16,NA,M103,1.5,NA,G,NA,2013-10-23,NA,M104,0.0,NA,F,NA,2014-01-18,NA,NA,NA,NA,NA,NA,NA,NA,NA,NA,NA,NA,NA,NA,NA,NA,NA,NA,NA,NA,NA,NA,NA,NA,NA,NA,NA,NA,NA,NA,NA,NA,NA,NA,NA,NA,NA,NA,NA,NA,NA,NA,NA,NA,NA,NA,NA,NA,NA,NA,NA,NA,NA,NA,NA,NA,NA,NA,NA,NA,NA,NA,NA,NA,NA,NA,NA,NA,NA,NA,NA
FRIST,NA,V11,MM2001,30.0,NA,D,2011-06-03,30.0,*,M101,1.5,NA,G,NA,2011-02-02,NA,M102,1.5,NA,G,NA,2011-02-16,NA,M103,1.5,NA,G,NA,2011-03-09,NA,M104,7.5,NA,D,NA,2011-05-25,NA,M105,1.5,NA,G,NA,2011-02-16,NA,M106,1.5,NA,G,NA,2011-03-02,NA,M107,1.5,NA,G,NA,2011-03-16,NA,M108,7.5,NA,E,NA,2011-05-16,NA,M109,3.0,NA,G,NA,2011-05-23,NA,M110,3.0,NA,G,NA,2011-06-03,NA,NA,NA,NA,NA,NA,NA,NA,NA,NA,NA,NA,NA,NA,NA,NA,NA,NA,NA,NA,NA,NA,NA,NA,NA,NA,NA,NA,NA
FRIST,NA,V11,MM2001,NA,NA,NA,NA,27.0,NA,M101,1.5,NA,G,NA,2011-02-02,NA,M102,1.5,NA,G,NA,2011-11-09,NA,M103,1.5,NA,G,NA,2011-10-31,NA,M104,7.5,7.5,E,NA,2013-02-28,NA,M105,1.5,NA,G,NA,2011-11-09,NA,M106,1.5,NA,G,NA,2011-11-08,NA,M107,1.5,NA,G,NA,2011-10-31,NA,M108,7.5,7.5,E,NA,2013-02-28,NA,M109,3.0,3.0,G,NA,2013-02-28,NA,NA,NA,NA,NA,NA,NA,NA,NA,NA,NA,NA,NA,NA,NA,NA,NA,NA,NA,NA,NA,NA,NA,NA,NA,NA,NA,NA,NA,NA,NA,NA,NA,NA,NA,NA
FRIST,NA,V13,MM2001,30.0,NA,E,2013-06-13,30.0,*,M101,1.5,NA,G,NA,2013-04-03,NA,M102,1.5,NA,G,NA,2013-04-03,NA,M103,1.5,NA,G,NA,2013-04-03,NA,M104,7.5,NA,E,NA,2013-05-04,NA,M105,1.5,NA,G,NA,2013-04-03,NA,M106,1.5,NA,G,NA,2013-04-03,NA,M107,1.5,NA,G,NA,2013-04-03,NA,M108,7.5,NA,E,NA,2013-05-18,NA,M109,3.0,NA,G,NA,2013-06-13,NA,M110,3.0,NA,G,NA,2013-05-31,NA,NA,NA,NA,NA,NA,NA,NA,NA,NA,NA,NA,NA,NA,NA,NA,NA,NA,NA,NA,NA,NA,NA,NA,NA,NA,NA,NA,NA
FRIST,NA,H15,MM2001,NA,NA,NA,NA,18.0,NA,M101,1.5,NA,G,NA,2016-01-05,NA,M102,1.5,NA,G,NA,2016-01-05,NA,M103,1.5,NA,G,NA,2016-01-05,NA,M104,7.5,NA,C,NA,2016-01-15,NA,M105,1.5,NA,G,NA,2016-03-31,NA,M106,1.5,NA,G,NA,2016-03-31,NA,M107,1.5,NA,G,NA,2016-03-31,NA,M115,1.5,NA,G,NA,2015-12-23,NA,NA,NA,NA,NA,NA,NA,NA,NA,NA,NA,NA,NA,NA,NA,NA,NA,NA,NA,NA,NA,NA,NA,NA,NA,NA,NA,NA,NA,NA,NA,NA,NA,NA,NA,NA,NA,NA,NA,NA,NA,NA,NA
SMATE, _,V13,MM2001,NA,NA,NA,NA,10.5,NA,M101,1.5,NA,G,NA,2013-02-27,NA,M102,1.5,NA,G,NA,2013-03-27,NA,M103,1.5,NA,G,NA,2014-03-19,NA,M105,1.5,NA,G,NA,2013-02-13,NA,M106,1.5,NA,G,NA,2013-03-06,NA,M107,0.0,NA,U,NA,2014-06-02,NA,M109,3.0,NA,G,NA,2014-05-28,NA,NA,NA,NA,NA,NA,NA,NA,NA,NA,NA,NA,NA,NA,NA,NA,NA,NA,NA,NA,NA,NA,NA,NA,NA,NA,NA,NA,NA,NA,NA,NA,NA,NA,NA,NA,NA,NA,NA,NA,NA,NA,NA,NA,NA,NA,NA,NA,NA,NA
FRIST,NA,H14,MM2001,30.0,NA,D,2015-08-24,30.0,*,M101,1.5,NA,G,NA,2014-11-19,NA,M102,1.5,NA,G,NA,2014-11-19,NA,M103,1.5,NA,G,NA,2014-11-19,NA,M104,7.5,NA,D,NA,2015-01-16,NA,M105,1.5,NA,G,NA,2014-11-19,NA,M106,1.5,NA,G,NA,2014-11-19,NA,M107,1.5,NA,G,NA,2014-11-19,NA,M108,7.5,NA,D,NA,2015-08-24,NA,M110,3.0,NA,G,NA,2015-01-14,NA,M115,1.5,NA,G,NA,2014-12-21,NA,M116,1.5,NA,G,NA,2015-01-30,NA,NA,NA,NA,NA,NA,NA,NA,NA,NA,NA,NA,NA,NA,NA,NA,NA,NA,NA,NA,NA,NA
FRIST,NA,H10,MM2001,30.0,NA,D,2011-06-03,30.0,*,M101,1.5,NA,G,NA,2010-09-08,NA,M102,1.5,NA,G,NA,2010-09-22,NA,M103,1.5,NA,G,NA,2010-10-13,NA,M104,7.5,NA,D,NA,2011-01-10,NA,M105,1.5,NA,G,NA,2011-02-09,NA,M106,1.5,NA,G,NA,2011-03-02,NA,M107,1.5,NA,G,NA,2011-03-30,NA,M108,7.5,NA,D,NA,2011-05-16,NA,M115,1.5,NA,G,NA,2010-12-15,NA,M116,1.5,NA,G,NA,2011-05-23,NA,M117,1.5,NA,G,NA,2010-12-17,NA,M118,1.5,NA,G,NA,2011-06-03,NA,NA,NA,NA,NA,NA,NA,NA,NA,NA,NA,NA,NA,NA,NA
FRIST,NA,H13,MM2001,30.0,NA,A,2014-01-13,30.0,*,M101,1.5,NA,G,NA,2013-09-18,NA,M102,1.5,NA,G,NA,2013-10-02,NA,M103,1.5,NA,G,NA,2013-10-23,NA,M104,7.5,NA,A,NA,2013-12-07,NA,M105,1.5,NA,G,NA,2013-09-25,NA,M106,1.5,NA,G,NA,2013-10-16,NA,M107,1.5,NA,G,NA,2013-10-30,NA,M108,7.5,NA,A,NA,2014-01-13,NA,M109,3.0,NA,G,NA,2013-12-17,NA,M110,3.0,NA,G,NA,2014-01-08,NA,NA,NA,NA,NA,NA,NA,NA,NA,NA,NA,NA,NA,NA,NA,NA,NA,NA,NA,NA,NA,NA,NA,NA,NA,NA,NA,NA,NA
NMATK, _,H13,MM2001,30.0,NA,D,2014-05-10,30.0,*,M101,1.5,NA,G,NA,2013-09-18,NA,M102,1.5,NA,G,NA,2013-10-02,NA,M103,1.5,NA,G,NA,2013-10-23,NA,M104,7.5,NA,C,NA,2014-05-10,NA,M105,1.5,NA,G,NA,2013-09-25,NA,M106,1.5,NA,G,NA,2013-10-16,NA,M107,1.5,NA,G,NA,2013-11-06,NA,M108,7.5,NA,E,NA,2014-01-13,NA,M109,3.0,NA,G,NA,2013-12-17,NA,M110,3.0,NA,G,NA,2014-01-08,NA,NA,NA,NA,NA,NA,NA,NA,NA,NA,NA,NA,NA,NA,NA,NA,NA,NA,NA,NA,NA,NA,NA,NA,NA,NA,NA,NA,NA
NASTK, _,H13,MM2001,30.0,NA,C,2014-01-13,30.0,*,M101,1.5,NA,G,NA,2013-09-18,NA,M102,1.5,NA,G,NA,2013-10-02,NA,M103,1.5,NA,G,NA,2013-10-23,NA,M104,7.5,NA,B,NA,2013-12-07,NA,M105,1.5,NA,G,NA,2013-09-25,NA,M106,1.5,NA,G,NA,2013-10-16,NA,M107,1.5,NA,G,NA,2013-11-06,NA,M108,7.5,NA,D,NA,2014-01-13,NA,M109,3.0,NA,G,NA,2013-12-17,NA,M110,3.0,NA,G,NA,2014-01-08,NA,NA,NA,NA,NA,NA,NA,NA,NA,NA,NA,NA,NA,NA,NA,NA,NA,NA,NA,NA,NA,NA,NA,NA,NA,NA,NA,NA,NA
NMATK, _,H12,MM2001,30.0,NA,E,2013-12-19,30.0,*,M101,1.5,NA,G,NA,2012-09-19,NA,M102,1.5,NA,G,NA,2012-10-03,NA,M103,1.5,NA,G,NA,2012-10-24,NA,M104,7.5,NA,E,NA,2013-01-11,NA,M105,1.5,NA,G,NA,2012-09-26,NA,M106,1.5,NA,G,NA,2012-10-17,NA,M107,1.5,NA,G,NA,2012-11-07,NA,M108,7.5,NA,E,NA,2012-12-19,NA,M109,3.0,NA,G,NA,2013-12-19,NA,M110,3.0,NA,G,NA,2013-01-09,NA,NA,NA,NA,NA,NA,NA,NA,NA,NA,NA,NA,NA,NA,NA,NA,NA,NA,NA,NA,NA,NA,NA,NA,NA,NA,NA,NA,NA
LÄMNY,GYMA,H11,MM2001,30.0,NA,A,2012-01-11,30.0,*,M101,1.5,NA,G,NA,2011-09-14,NA,M102,1.5,NA,G,NA,2011-10-05,NA,M103,1.5,NA,G,NA,2011-10-21,NA,M104,7.5,NA,A,NA,2011-12-03,NA,M105,1.5,NA,G,NA,2011-09-21,NA,M106,1.5,NA,G,NA,2011-10-18,NA,M107,1.5,NA,G,NA,2012-01-11,NA,M108,7.5,NA,B,NA,2011-12-20,NA,M109,3.0,NA,G,NA,2012-01-02,NA,M110,3.0,NA,G,NA,2012-01-03,NA,NA,NA,NA,NA,NA,NA,NA,NA,NA,NA,NA,NA,NA,NA,NA,NA,NA,NA,NA,NA,NA,NA,NA,NA,NA,NA,NA,NA
FRIST,NA,H11,MM2001,30.0,NA,A,2012-01-03,30.0,*,M101,1.5,NA,G,NA,2011-09-14,NA,M102,1.5,NA,G,NA,2011-09-28,NA,M103,1.5,NA,G,NA,2011-10-21,NA,M104,7.5,NA,A,NA,2011-12-03,NA,M105,1.5,NA,G,NA,2011-09-21,NA,M106,1.5,NA,G,NA,2011-10-18,NA,M107,1.5,NA,G,NA,2011-10-31,NA,M108,7.5,NA,B,NA,2011-12-20,NA,M109,3.0,NA,G,NA,2012-01-02,NA,M110,3.0,NA,G,NA,2012-01-03,NA,NA,NA,NA,NA,NA,NA,NA,NA,NA,NA,NA,NA,NA,NA,NA,NA,NA,NA,NA,NA,NA,NA,NA,NA,NA,NA,NA,NA
SMATE, _,V14,MM2001,NA,NA,NA,NA,15.0,NA,M101,1.5,NA,G,NA,2014-02-26,NA,M102,1.5,NA,G,NA,2015-08-19,NA,M103,1.5,NA,G,NA,2014-04-02,NA,M104,0.0,NA,F,NA,2016-01-15,NA,M105,1.5,NA,G,NA,2015-08-19,NA,M106,1.5,NA,G,NA,2014-03-12,NA,M107,1.5,NA,G,NA,2015-03-18,NA,M108,0.0,NA,F,NA,2016-01-11,NA,M109,3.0,NA,G,NA,2014-05-28,NA,M110,3.0,NA,G,NA,2015-06-10,NA,NA,NA,NA,NA,NA,NA,NA,NA,NA,NA,NA,NA,NA,NA,NA,NA,NA,NA,NA,NA,NA,NA,NA,NA,NA,NA,NA,NA
NFYSK, _,H11,MM2001,NA,NA,NA,NA,1.5,NA,M101,1.5,NA,G,NA,2011-09-21,NA,M105,0.0,NA,U,NA,2011-09-21,NA,NA,NA,NA,NA,NA,NA,NA,NA,NA,NA,NA,NA,NA,NA,NA,NA,NA,NA,NA,NA,NA,NA,NA,NA,NA,NA,NA,NA,NA,NA,NA,NA,NA,NA,NA,NA,NA,NA,NA,NA,NA,NA,NA,NA,NA,NA,NA,NA,NA,NA,NA,NA,NA,NA,NA,NA,NA,NA,NA,NA,NA,NA,NA,NA,NA,NA,NA,NA,NA,NA,NA,NA,NA,NA,NA,NA,NA,NA,NA,NA,NA,NA,NA,NA
SMATE, _,V14,MM2001,NA,NA,NA,NA,27.0,NA,M101,1.5,NA,G,NA,2014-02-05,NA,M102,1.5,NA,G,NA,2014-06-02,NA,M103,1.5,NA,G,NA,2014-03-19,NA,M104,7.5,NA,E,NA,2015-08-17,NA,M105,1.5,NA,G,NA,2014-02-26,NA,M106,1.5,NA,G,NA,2014-03-05,NA,M107,1.5,NA,G,NA,2014-03-19,NA,M108,7.5,NA,E,NA,2015-08-24,NA,M110,3.0,NA,G,NA,2014-05-28,NA,NA,NA,NA,NA,NA,NA,NA,NA,NA,NA,NA,NA,NA,NA,NA,NA,NA,NA,NA,NA,NA,NA,NA,NA,NA,NA,NA,NA,NA,NA,NA,NA,NA,NA,NA
FRIST,NA,H15,MM2001,30.0,NA,A,2016-02-17,30.0,*,M101,1.5,NA,G,NA,2015-09-16,NA,M102,1.5,NA,G,NA,2015-09-30,NA,M103,1.5,NA,G,NA,2015-10-21,NA,M104,7.5,NA,A,NA,2016-01-15,NA,M105,1.5,NA,G,NA,2015-09-23,NA,M106,1.5,NA,G,NA,2015-10-14,NA,M107,1.5,NA,G,NA,2015-11-11,NA,M108,7.5,NA,A,NA,2016-02-17,NA,M109,3.0,NA,G,NA,2016-01-26,NA,M110,3.0,NA,G,NA,2016-01-04,NA,NA,NA,NA,NA,NA,NA,NA,NA,NA,NA,NA,NA,NA,NA,NA,NA,NA,NA,NA,NA,NA,NA,NA,NA,NA,NA,NA,NA
FRIST,NA,H12,MM2001,NA,NA,NA,NA,12.0,NA,M101,1.5,NA,G,NA,2012-09-19,NA,M102,1.5,NA,G,NA,2012-10-03,NA,M103,1.5,NA,G,NA,2012-10-24,NA,M105,1.5,NA,G,NA,2012-09-26,NA,M106,1.5,NA,G,NA,2012-10-17,NA,M107,1.5,NA,G,NA,2012-10-31,NA,M109,3.0,NA,G,NA,2012-12-21,NA,NA,NA,NA,NA,NA,NA,NA,NA,NA,NA,NA,NA,NA,NA,NA,NA,NA,NA,NA,NA,NA,NA,NA,NA,NA,NA,NA,NA,NA,NA,NA,NA,NA,NA,NA,NA,NA,NA,NA,NA,NA,NA,NA,NA,NA,NA,NA,NA,NA
NASTK, _,H13,MM2001,NA,NA,NA,NA,0.0,NA,M101,0.0,NA,U,NA,2013-09-25,NA,M105,0.0,NA,U,NA,2013-09-25,NA,NA,NA,NA,NA,NA,NA,NA,NA,NA,NA,NA,NA,NA,NA,NA,NA,NA,NA,NA,NA,NA,NA,NA,NA,NA,NA,NA,NA,NA,NA,NA,NA,NA,NA,NA,NA,NA,NA,NA,NA,NA,NA,NA,NA,NA,NA,NA,NA,NA,NA,NA,NA,NA,NA,NA,NA,NA,NA,NA,NA,NA,NA,NA,NA,NA,NA,NA,NA,NA,NA,NA,NA,NA,NA,NA,NA,NA,NA,NA,NA,NA,NA,NA,NA
FRIST,NA,H11,MM2001,30.0,NA,B,2012-01-11,30.0,*,M101,1.5,NA,G,NA,2011-09-14,NA,M102,1.5,NA,G,NA,2011-09-28,NA,M103,1.5,NA,G,NA,2011-10-21,NA,M104,7.5,NA,B,NA,2011-12-03,NA,M105,1.5,NA,G,NA,2011-09-21,NA,M106,1.5,NA,G,NA,2011-10-18,NA,M107,1.5,NA,G,NA,2011-10-31,NA,M108,7.5,NA,C,NA,2011-12-20,NA,M109,3.0,NA,G,NA,2012-01-02,NA,M110,3.0,NA,G,NA,2012-01-11,NA,NA,NA,NA,NA,NA,NA,NA,NA,NA,NA,NA,NA,NA,NA,NA,NA,NA,NA,NA,NA,NA,NA,NA,NA,NA,NA,NA,NA
NMATK, _,H13,MM2001,30.0,NA,C,2014-01-16,30.0,*,M101,1.5,NA,G,NA,2013-09-18,NA,M102,1.5,NA,G,NA,2013-10-02,NA,M103,1.5,NA,G,NA,2013-10-23,NA,M104,7.5,NA,D,NA,2013-12-07,NA,M105,1.5,NA,G,NA,2013-09-25,NA,M106,1.5,NA,G,NA,2013-10-16,NA,M107,1.5,NA,G,NA,2013-10-30,NA,M108,7.5,NA,B,NA,2014-01-13,NA,M109,3.0,NA,G,NA,2014-01-16,NA,M110,3.0,NA,G,NA,2014-01-08,NA,NA,NA,NA,NA,NA,NA,NA,NA,NA,NA,NA,NA,NA,NA,NA,NA,NA,NA,NA,NA,NA,NA,NA,NA,NA,NA,NA,NA
FRIST,NA,H10,MM2001,30.0,NA,A,2011-06-03,30.0,*,M101,1.5,NA,G,NA,2011-03-23,NA,M102,1.5,NA,G,NA,2011-03-23,NA,M103,1.5,NA,G,NA,2011-03-23,NA,M104,7.5,NA,B,NA,2010-11-27,NA,M105,1.5,NA,G,NA,2011-03-23,NA,M106,1.5,NA,G,NA,2011-03-23,NA,M107,1.5,NA,G,NA,2011-03-23,NA,M108,7.5,NA,A,NA,2011-05-16,NA,M115,1.5,NA,G,NA,2010-12-17,NA,M116,1.5,NA,G,NA,2011-05-23,NA,M117,1.5,NA,G,NA,2010-12-17,NA,M118,1.5,NA,G,NA,2011-06-03,NA,NA,NA,NA,NA,NA,NA,NA,NA,NA,NA,NA,NA,NA,NA
FRIST,NA,H15,MM2001,30.0,NA,A,2016-02-17,30.0,*,M101,1.5,NA,G,NA,2015-09-16,NA,M102,1.5,NA,G,NA,2015-09-30,NA,M103,1.5,NA,G,NA,2015-10-21,NA,M104,7.5,NA,B,NA,2015-12-11,NA,M105,1.5,NA,G,NA,2015-09-23,NA,M106,1.5,NA,G,NA,2015-10-14,NA,M107,1.5,NA,G,NA,2015-11-04,NA,M108,7.5,NA,A,NA,2016-02-17,NA,M109,3.0,NA,G,NA,2015-12-21,NA,M110,3.0,NA,G,NA,2016-01-04,NA,NA,NA,NA,NA,NA,NA,NA,NA,NA,NA,NA,NA,NA,NA,NA,NA,NA,NA,NA,NA,NA,NA,NA,NA,NA,NA,NA,NA
FRIST,NA,H15,MM2001,30.0,NA,A,2016-01-11,30.0,*,M101,1.5,NA,G,NA,2015-09-16,NA,M102,1.5,NA,G,NA,2015-09-30,NA,M103,1.5,NA,G,NA,2015-10-21,NA,M104,7.5,NA,A,NA,2015-12-11,NA,M105,1.5,NA,G,NA,2015-09-23,NA,M106,1.5,NA,G,NA,2015-10-14,NA,M107,1.5,NA,G,NA,2015-11-04,NA,M108,7.5,NA,B,NA,2016-01-11,NA,M109,3.0,NA,G,NA,2015-12-15,NA,M110,3.0,NA,G,NA,2016-01-04,NA,NA,NA,NA,NA,NA,NA,NA,NA,NA,NA,NA,NA,NA,NA,NA,NA,NA,NA,NA,NA,NA,NA,NA,NA,NA,NA,NA,NA
FRIST,NA,V11,MM2001,NA,NA,NA,NA,0.0,NA,M104,0.0,NA,F,NA,2011-05-25,NA,NA,NA,NA,NA,NA,NA,NA,NA,NA,NA,NA,NA,NA,NA,NA,NA,NA,NA,NA,NA,NA,NA,NA,NA,NA,NA,NA,NA,NA,NA,NA,NA,NA,NA,NA,NA,NA,NA,NA,NA,NA,NA,NA,NA,NA,NA,NA,NA,NA,NA,NA,NA,NA,NA,NA,NA,NA,NA,NA,NA,NA,NA,NA,NA,NA,NA,NA,NA,NA,NA,NA,NA,NA,NA,NA,NA,NA,NA,NA,NA,NA,NA,NA,NA,NA,NA,NA,NA,NA,NA,NA
FRIST,NA,V13,MM2001,NA,NA,NA,NA,27.0,NA,M101,1.5,NA,G,NA,2013-02-13,NA,M102,1.5,NA,G,NA,2013-02-27,NA,M103,1.5,NA,G,NA,2013-11-06,NA,M104,7.5,NA,E,NA,2013-12-07,NA,M105,1.5,NA,G,NA,2013-02-13,NA,M106,1.5,NA,G,NA,2013-11-06,NA,M107,1.5,NA,G,NA,2013-11-06,NA,M108,7.5,NA,E,NA,2013-08-23,NA,M109,3.0,NA,G,NA,2013-12-19,NA,NA,NA,NA,NA,NA,NA,NA,NA,NA,NA,NA,NA,NA,NA,NA,NA,NA,NA,NA,NA,NA,NA,NA,NA,NA,NA,NA,NA,NA,NA,NA,NA,NA,NA,NA
NMATK, _,H11,MM2001,NA,NA,NA,NA,7.5,NA,M101,1.5,NA,G,NA,2011-10-05,NA,M102,1.5,NA,G,NA,2012-01-04,NA,M103,1.5,NA,G,NA,2011-10-21,NA,M104,0.0,NA,F,NA,2011-12-03,NA,M105,1.5,NA,G,NA,2011-11-08,NA,M106,1.5,NA,G,NA,2011-10-18,NA,M107,0.0,NA,U,NA,2012-01-04,NA,M110,0.0,NA,U,NA,2012-01-03,NA,NA,NA,NA,NA,NA,NA,NA,NA,NA,NA,NA,NA,NA,NA,NA,NA,NA,NA,NA,NA,NA,NA,NA,NA,NA,NA,NA,NA,NA,NA,NA,NA,NA,NA,NA,NA,NA,NA,NA,NA,NA,NA
FRIST,NA,H13,MM2001,30.0,NA,E,2014-06-12,30.0,*,M101,1.5,NA,G,NA,2013-09-18,NA,M102,1.5,NA,G,NA,2013-10-02,NA,M103,1.5,NA,G,NA,2013-10-23,NA,M104,7.5,NA,E,NA,2014-01-18,NA,M105,1.5,NA,G,NA,2013-09-25,NA,M106,1.5,NA,G,NA,2013-10-16,NA,M107,1.5,NA,G,NA,2013-11-06,NA,M108,7.5,NA,E,NA,2014-06-12,NA,M109,3.0,NA,G,NA,2013-12-17,NA,M110,3.0,NA,G,NA,2014-01-08,NA,NA,NA,NA,NA,NA,NA,NA,NA,NA,NA,NA,NA,NA,NA,NA,NA,NA,NA,NA,NA,NA,NA,NA,NA,NA,NA,NA,NA
FRIST,NA,V11,MM2001,30.0,NA,A,2011-06-03,30.0,*,M101,1.5,NA,G,NA,2011-02-02,NA,M102,1.5,NA,G,NA,2011-02-16,NA,M103,1.5,NA,G,NA,2011-03-09,NA,M104,7.5,NA,A,NA,2011-05-03,NA,M105,1.5,NA,G,NA,2011-02-09,NA,M106,1.5,NA,G,NA,2011-03-02,NA,M107,1.5,NA,G,NA,2011-03-30,NA,M108,7.5,NA,B,NA,2011-05-16,NA,M109,3.0,NA,G,NA,2011-05-23,NA,M110,3.0,NA,G,NA,2011-06-03,NA,NA,NA,NA,NA,NA,NA,NA,NA,NA,NA,NA,NA,NA,NA,NA,NA,NA,NA,NA,NA,NA,NA,NA,NA,NA,NA,NA,NA
NMATK, _,H13,MM2001,30.0,NA,A,2014-01-13,30.0,*,M101,1.5,NA,G,NA,2013-10-09,NA,M102,1.5,NA,G,NA,2013-10-02,NA,M103,1.5,NA,G,NA,2013-10-23,NA,M104,7.5,NA,A,NA,2013-12-07,NA,M105,1.5,NA,G,NA,2013-09-25,NA,M106,1.5,NA,G,NA,2013-10-16,NA,M107,1.5,NA,G,NA,2013-10-30,NA,M108,7.5,NA,B,NA,2014-01-13,NA,M109,3.0,NA,G,NA,2013-12-17,NA,M110,3.0,NA,G,NA,2014-01-08,NA,NA,NA,NA,NA,NA,NA,NA,NA,NA,NA,NA,NA,NA,NA,NA,NA,NA,NA,NA,NA,NA,NA,NA,NA,NA,NA,NA,NA
FRIST,NA,V14,MM2001,30.0,NA,B,2014-06-12,30.0,*,M101,1.5,NA,G,NA,2014-02-05,NA,M102,1.5,NA,G,NA,2014-02-19,NA,M103,1.5,NA,G,NA,2014-03-12,NA,M104,7.5,NA,B,NA,2014-05-10,NA,M105,1.5,NA,G,NA,2014-02-12,NA,M106,1.5,NA,G,NA,2014-03-05,NA,M107,1.5,NA,G,NA,2014-03-19,NA,M108,7.5,NA,B,NA,2014-06-12,NA,M109,3.0,NA,G,NA,2014-05-28,NA,M110,3.0,NA,G,NA,2014-05-28,NA,NA,NA,NA,NA,NA,NA,NA,NA,NA,NA,NA,NA,NA,NA,NA,NA,NA,NA,NA,NA,NA,NA,NA,NA,NA,NA,NA,NA
FRIST,NA,H11,MM2001,NA,NA,NA,NA,7.5,NA,M101,1.5,NA,G,NA,2011-09-14,NA,M102,1.5,NA,G,NA,2011-10-05,NA,M103,1.5,NA,G,NA,2011-10-21,NA,M104,0.0,NA,F,NA,2012-01-09,NA,M115,1.5,NA,G,NA,2012-01-02,NA,M117,1.5,NA,G,NA,2012-01-04,NA,NA,NA,NA,NA,NA,NA,NA,NA,NA,NA,NA,NA,NA,NA,NA,NA,NA,NA,NA,NA,NA,NA,NA,NA,NA,NA,NA,NA,NA,NA,NA,NA,NA,NA,NA,NA,NA,NA,NA,NA,NA,NA,NA,NA,NA,NA,NA,NA,NA,NA,NA,NA,NA,NA,NA,NA
FRIST,NA,H14,MM2001,NA,NA,NA,NA,9.0,NA,M101,1.5,NA,G,NA,2014-09-17,NA,M102,1.5,NA,G,NA,2014-10-01,NA,M103,1.5,NA,G,NA,2014-10-22,NA,M105,1.5,NA,G,NA,2014-09-24,NA,M106,1.5,NA,G,NA,2014-10-15,NA,M107,1.5,NA,G,NA,2014-10-29,NA,NA,NA,NA,NA,NA,NA,NA,NA,NA,NA,NA,NA,NA,NA,NA,NA,NA,NA,NA,NA,NA,NA,NA,NA,NA,NA,NA,NA,NA,NA,NA,NA,NA,NA,NA,NA,NA,NA,NA,NA,NA,NA,NA,NA,NA,NA,NA,NA,NA,NA,NA,NA,NA,NA,NA,NA
FRIST,NA,V11,MM2001,30.0,NA,C,2011-06-03,30.0,*,M101,1.5,NA,G,NA,2011-02-02,NA,M102,1.5,NA,G,NA,2011-03-02,NA,M103,1.5,NA,G,NA,2011-03-09,NA,M104,7.5,NA,D,NA,2011-05-03,NA,M105,1.5,NA,G,NA,2011-02-09,NA,M106,1.5,NA,G,NA,2011-03-02,NA,M107,1.5,NA,G,NA,2011-03-16,NA,M108,7.5,NA,C,NA,2011-05-16,NA,M109,3.0,NA,G,NA,2011-05-23,NA,M110,3.0,NA,G,NA,2011-06-03,NA,NA,NA,NA,NA,NA,NA,NA,NA,NA,NA,NA,NA,NA,NA,NA,NA,NA,NA,NA,NA,NA,NA,NA,NA,NA,NA,NA,NA
NMATK, _,H15,MM2001,30.0,NA,C,2016-02-17,30.0,*,M101,1.5,NA,G,NA,2015-09-16,NA,M102,1.5,NA,G,NA,2015-11-11,NA,M103,1.5,NA,G,NA,2015-10-21,NA,M104,7.5,NA,D,NA,2015-12-11,NA,M105,1.5,NA,G,NA,2015-09-23,NA,M106,1.5,NA,G,NA,2015-10-14,NA,M107,1.5,NA,G,NA,2015-11-04,NA,M108,7.5,NA,B,NA,2016-02-17,NA,M109,3.0,NA,G,NA,2015-12-21,NA,M110,3.0,NA,G,NA,2016-01-04,NA,NA,NA,NA,NA,NA,NA,NA,NA,NA,NA,NA,NA,NA,NA,NA,NA,NA,NA,NA,NA,NA,NA,NA,NA,NA,NA,NA,NA
LMNTY, _,V15,MM2001,NA,NA,NA,NA,1.5,NA,M101,1.5,NA,G,NA,2015-02-04,NA,M102,0.0,NA,U,NA,2015-02-18,NA,M105,0.0,NA,U,NA,2015-02-25,NA,NA,NA,NA,NA,NA,NA,NA,NA,NA,NA,NA,NA,NA,NA,NA,NA,NA,NA,NA,NA,NA,NA,NA,NA,NA,NA,NA,NA,NA,NA,NA,NA,NA,NA,NA,NA,NA,NA,NA,NA,NA,NA,NA,NA,NA,NA,NA,NA,NA,NA,NA,NA,NA,NA,NA,NA,NA,NA,NA,NA,NA,NA,NA,NA,NA,NA,NA,NA,NA,NA,NA,NA,NA,NA,NA,NA,NA
FRIST,NA,V14,MM2001,30.0,NA,C,2015-05-29,30.0,*,M101,1.5,NA,G,NA,2014-02-05,NA,M102,1.5,NA,G,NA,2014-02-19,NA,M103,1.5,NA,G,NA,2014-03-12,NA,M104,7.5,NA,C,NA,2015-05-09,NA,M105,1.5,NA,G,NA,2014-02-12,NA,M106,1.5,NA,G,NA,2014-03-05,NA,M107,1.5,NA,G,NA,2014-03-19,NA,M108,7.5,NA,C,NA,2015-05-19,NA,M109,3.0,NA,G,NA,2014-05-28,NA,M110,3.0,NA,G,NA,2015-05-29,NA,NA,NA,NA,NA,NA,NA,NA,NA,NA,NA,NA,NA,NA,NA,NA,NA,NA,NA,NA,NA,NA,NA,NA,NA,NA,NA,NA,NA
NBIBK, _,H13,MM2001,30.0,NA,E,2014-06-12,30.0,*,M101,1.5,NA,G,NA,2013-09-18,NA,M102,1.5,NA,G,NA,2013-10-02,NA,M103,1.5,NA,G,NA,2013-10-23,NA,M104,7.5,NA,E,NA,2014-01-18,NA,M105,1.5,NA,G,NA,2014-02-12,NA,M106,1.5,NA,G,NA,2014-03-05,NA,M107,1.5,NA,G,NA,2014-03-26,NA,M108,7.5,NA,E,NA,2014-06-12,NA,M115,1.5,NA,G,NA,2013-12-17,NA,M116,1.5,NA,G,NA,2014-05-28,NA,M117,1.5,NA,G,NA,2014-01-08,NA,M118,1.5,NA,G,NA,2014-05-28,NA,NA,NA,NA,NA,NA,NA,NA,NA,NA,NA,NA,NA,NA,NA
NDAVK, _,H14,MM2001,NA,NA,NA,NA,3.0,NA,M101,1.5,NA,G,NA,2014-10-08,NA,M102,0.0,NA,U,NA,2015-02-18,NA,M103,1.5,NA,G,NA,2014-10-22,NA,NA,NA,NA,NA,NA,NA,NA,NA,NA,NA,NA,NA,NA,NA,NA,NA,NA,NA,NA,NA,NA,NA,NA,NA,NA,NA,NA,NA,NA,NA,NA,NA,NA,NA,NA,NA,NA,NA,NA,NA,NA,NA,NA,NA,NA,NA,NA,NA,NA,NA,NA,NA,NA,NA,NA,NA,NA,NA,NA,NA,NA,NA,NA,NA,NA,NA,NA,NA,NA,NA,NA,NA,NA,NA,NA,NA,NA
NFYSK, _,H13,MM2001,NA,NA,NA,NA,22.5,NA,M101,1.5,NA,G,NA,2013-09-18,NA,M102,1.5,NA,G,NA,2013-10-09,NA,M103,1.5,NA,G,NA,2013-11-06,NA,M104,7.5,NA,C,NA,2014-01-18,NA,M105,1.5,NA,G,NA,2013-09-25,NA,M106,1.5,NA,G,NA,2013-10-16,NA,M107,1.5,NA,G,NA,2013-11-13,NA,M108,0.0,NA,F,NA,2014-02-15,NA,M109,3.0,NA,G,NA,2014-01-16,NA,M110,3.0,NA,G,NA,2014-01-29,NA,NA,NA,NA,NA,NA,NA,NA,NA,NA,NA,NA,NA,NA,NA,NA,NA,NA,NA,NA,NA,NA,NA,NA,NA,NA,NA,NA,NA
SMEKK, _,V16,MM2001,NA,NA,NA,NA,3.0,NA,M101,1.5,NA,G,NA,2016-02-03,NA,M102,0.0,NA,U,NA,2016-02-17,NA,M105,0.0,NA,U,NA,2016-02-17,NA,M106,1.5,NA,G,NA,2016-02-24,NA,NA,NA,NA,NA,NA,NA,NA,NA,NA,NA,NA,NA,NA,NA,NA,NA,NA,NA,NA,NA,NA,NA,NA,NA,NA,NA,NA,NA,NA,NA,NA,NA,NA,NA,NA,NA,NA,NA,NA,NA,NA,NA,NA,NA,NA,NA,NA,NA,NA,NA,NA,NA,NA,NA,NA,NA,NA,NA,NA,NA,NA,NA,NA,NA,NA,NA,NA,NA,NA,NA
SMEKK, _,V15,MM2001,NA,NA,NA,NA,9.0,NA,M101,1.5,NA,G,NA,2015-02-04,NA,M102,1.5,NA,G,NA,2015-03-25,NA,M103,1.5,NA,G,NA,2015-03-18,NA,M104,0.0,NA,F,NA,2015-05-09,NA,M105,1.5,NA,G,NA,2015-02-25,NA,M106,1.5,NA,G,NA,2015-03-04,NA,M107,1.5,NA,G,NA,2015-03-18,NA,M108,0.0,NA,F,NA,2015-05-19,NA,NA,NA,NA,NA,NA,NA,NA,NA,NA,NA,NA,NA,NA,NA,NA,NA,NA,NA,NA,NA,NA,NA,NA,NA,NA,NA,NA,NA,NA,NA,NA,NA,NA,NA,NA,NA,NA,NA,NA,NA,NA,NA
NBIBK, _,H11,MM2001,30.0,NA,A,2012-06-04,30.0,*,M101,1.5,NA,G,NA,2011-09-14,NA,M102,1.5,NA,G,NA,2011-09-28,NA,M103,1.5,NA,G,NA,2011-10-21,NA,M104,7.5,NA,B,NA,2011-12-03,NA,M105,1.5,NA,G,NA,2012-02-08,NA,M106,1.5,NA,G,NA,2012-02-29,NA,M107,1.5,NA,G,NA,2012-03-21,NA,M108,7.5,NA,A,NA,2012-05-12,NA,M115,1.5,NA,G,NA,2012-01-02,NA,M116,1.5,NA,G,NA,2012-05-03,NA,M117,1.5,NA,G,NA,2012-01-03,NA,M118,1.5,NA,G,NA,2012-06-04,NA,NA,NA,NA,NA,NA,NA,NA,NA,NA,NA,NA,NA,NA,NA
FRIST,NA,V14,MM2001,NA,NA,NA,NA,10.5,NA,M101,1.5,NA,G,NA,2014-04-02,NA,M102,1.5,NA,G,NA,2015-08-19,NA,M103,1.5,NA,G,NA,2014-12-03,NA,M104,0.0,NA,F,NA,2016-01-15,NA,M105,1.5,NA,G,NA,2016-01-05,NA,M106,1.5,NA,G,NA,2015-03-04,NA,M109,3.0,NA,G,NA,2015-05-21,NA,NA,NA,NA,NA,NA,NA,NA,NA,NA,NA,NA,NA,NA,NA,NA,NA,NA,NA,NA,NA,NA,NA,NA,NA,NA,NA,NA,NA,NA,NA,NA,NA,NA,NA,NA,NA,NA,NA,NA,NA,NA,NA,NA,NA,NA,NA,NA,NA,NA
FRIST,NA,V12,MM2001,30.0,NA,C,2012-08-23,30.0,*,M101,1.5,NA,G,NA,2012-02-01,NA,M102,1.5,NA,G,NA,2012-02-22,NA,M103,1.5,NA,G,NA,2012-03-07,NA,M104,7.5,NA,C,NA,2012-08-17,NA,M105,1.5,NA,G,NA,2012-02-08,NA,M106,1.5,NA,G,NA,2012-02-29,NA,M107,1.5,NA,G,NA,2012-03-21,NA,M108,7.5,NA,C,NA,2012-08-23,NA,M109,3.0,NA,G,NA,2012-05-16,NA,M110,3.0,NA,G,NA,2012-06-04,NA,NA,NA,NA,NA,NA,NA,NA,NA,NA,NA,NA,NA,NA,NA,NA,NA,NA,NA,NA,NA,NA,NA,NA,NA,NA,NA,NA,NA
FRIST,NA,V11,MM2001,NA,NA,NA,NA,22.5,NA,M101,1.5,NA,G,NA,2011-02-09,NA,M102,1.5,NA,G,NA,2011-02-16,NA,M103,1.5,NA,G,NA,2011-03-09,NA,M104,7.5,NA,A,NA,2011-05-25,NA,M105,1.5,NA,G,NA,2011-02-09,NA,M106,1.5,NA,G,NA,2011-03-02,NA,M107,1.5,NA,G,NA,2011-03-23,NA,M108,0.0,NA,F,NA,2011-05-30,NA,M109,3.0,NA,G,NA,2011-05-23,NA,M110,3.0,NA,G,NA,2011-06-10,NA,NA,NA,NA,NA,NA,NA,NA,NA,NA,NA,NA,NA,NA,NA,NA,NA,NA,NA,NA,NA,NA,NA,NA,NA,NA,NA,NA,NA
FRIST,NA,H11,MM2001,NA,NA,NA,NA,13.5,NA,M101,1.5,NA,G,NA,2011-09-14,NA,M102,1.5,NA,G,NA,2011-09-28,NA,M103,1.5,NA,G,NA,2011-11-08,NA,M104,0.0,NA,F,NA,2012-01-09,NA,M105,1.5,NA,G,NA,2011-10-05,NA,M106,1.5,NA,G,NA,2011-10-21,NA,M107,0.0,NA,U,NA,2012-04-18,NA,M108,0.0,NA,F,NA,2011-12-20,NA,M109,3.0,NA,G,NA,2012-01-02,NA,M110,3.0,NA,G,NA,2012-01-11,NA,NA,NA,NA,NA,NA,NA,NA,NA,NA,NA,NA,NA,NA,NA,NA,NA,NA,NA,NA,NA,NA,NA,NA,NA,NA,NA,NA,NA
FRIST,NA,V14,MM2001,30.0,NA,B,2014-06-12,30.0,*,M101,1.5,NA,G,NA,2014-04-02,NA,M102,1.5,NA,G,NA,2014-04-02,NA,M103,1.5,NA,G,NA,2014-04-02,NA,M104,7.5,NA,B,NA,2014-05-10,NA,M105,1.5,NA,G,NA,2014-04-02,NA,M106,1.5,NA,G,NA,2014-04-02,NA,M107,1.5,NA,G,NA,2014-04-02,NA,M108,7.5,NA,C,NA,2014-06-12,NA,M109,3.0,NA,G,NA,2014-06-12,NA,M110,3.0,NA,G,NA,2014-05-28,NA,NA,NA,NA,NA,NA,NA,NA,NA,NA,NA,NA,NA,NA,NA,NA,NA,NA,NA,NA,NA,NA,NA,NA,NA,NA,NA,NA,NA
FRIST,NA,H15,MM2001,NA,NA,NA,NA,19.5,NA,M101,1.5,NA,G,NA,2015-09-16,NA,M102,1.5,NA,G,NA,2015-09-30,NA,M103,1.5,NA,G,NA,2015-10-21,NA,M104,7.5,NA,E,NA,2015-12-11,NA,M105,1.5,NA,G,NA,2016-02-10,NA,M106,1.5,NA,G,NA,2016-02-24,NA,M107,1.5,NA,G,NA,2016-03-09,NA,M115,1.5,NA,G,NA,2015-12-15,NA,M117,1.5,NA,G,NA,2016-01-20,NA,NA,NA,NA,NA,NA,NA,NA,NA,NA,NA,NA,NA,NA,NA,NA,NA,NA,NA,NA,NA,NA,NA,NA,NA,NA,NA,NA,NA,NA,NA,NA,NA,NA,NA,NA
FRIST,NA,H12,MM2001,NA,NA,NA,NA,1.5,NA,M101,1.5,NA,G,NA,2012-09-26,NA,M105,0.0,NA,U,NA,2012-10-10,NA,NA,NA,NA,NA,NA,NA,NA,NA,NA,NA,NA,NA,NA,NA,NA,NA,NA,NA,NA,NA,NA,NA,NA,NA,NA,NA,NA,NA,NA,NA,NA,NA,NA,NA,NA,NA,NA,NA,NA,NA,NA,NA,NA,NA,NA,NA,NA,NA,NA,NA,NA,NA,NA,NA,NA,NA,NA,NA,NA,NA,NA,NA,NA,NA,NA,NA,NA,NA,NA,NA,NA,NA,NA,NA,NA,NA,NA,NA,NA,NA,NA,NA,NA,NA
FRIST,NA,V14,MM2001,NA,NA,NA,NA,13.5,NA,M101,1.5,NA,G,NA,2014-06-04,NA,M102,1.5,NA,G,NA,2014-06-04,NA,M103,1.5,NA,G,NA,2014-06-04,NA,M104,0.0,NA,F,NA,2014-08-15,NA,M105,1.5,NA,G,NA,2014-11-05,NA,M106,1.5,NA,G,NA,2014-11-05,NA,M107,1.5,NA,G,NA,2014-11-05,NA,M115,1.5,NA,G,NA,2014-06-12,NA,M116,1.5,NA,G,NA,2015-01-30,NA,M117,1.5,NA,G,NA,2014-06-04,NA,NA,NA,NA,NA,NA,NA,NA,NA,NA,NA,NA,NA,NA,NA,NA,NA,NA,NA,NA,NA,NA,NA,NA,NA,NA,NA,NA,NA
SMATE, _,V13,MM2001,NA,NA,NA,NA,1.5,NA,M101,1.5,NA,G,NA,2013-02-06,NA,NA,NA,NA,NA,NA,NA,NA,NA,NA,NA,NA,NA,NA,NA,NA,NA,NA,NA,NA,NA,NA,NA,NA,NA,NA,NA,NA,NA,NA,NA,NA,NA,NA,NA,NA,NA,NA,NA,NA,NA,NA,NA,NA,NA,NA,NA,NA,NA,NA,NA,NA,NA,NA,NA,NA,NA,NA,NA,NA,NA,NA,NA,NA,NA,NA,NA,NA,NA,NA,NA,NA,NA,NA,NA,NA,NA,NA,NA,NA,NA,NA,NA,NA,NA,NA,NA,NA,NA,NA,NA,NA
NDAVK, _,H12,MM2001,NA,NA,NA,NA,28.5,NA,M101,1.5,NA,G,NA,2012-09-19,NA,M102,1.5,NA,G,NA,2012-10-10,NA,M103,1.5,NA,G,NA,2012-10-31,NA,M104,7.5,NA,B,NA,2013-01-11,NA,M105,1.5,NA,G,NA,2014-03-26,NA,M106,1.5,NA,G,NA,2014-03-05,NA,M107,1.5,NA,G,NA,2014-03-19,NA,M108,7.5,NA,D,NA,2014-05-21,NA,M115,1.5,NA,G,NA,2012-12-21,NA,M117,1.5,NA,G,NA,2013-01-09,NA,M118,1.5,NA,G,NA,2014-05-28,NA,NA,NA,NA,NA,NA,NA,NA,NA,NA,NA,NA,NA,NA,NA,NA,NA,NA,NA,NA,NA,NA
NASTK, _,H14,MM2001,NA,NA,NA,NA,3.0,NA,M101,1.5,NA,G,NA,2014-09-24,NA,M105,1.5,NA,G,NA,2014-10-15,NA,NA,NA,NA,NA,NA,NA,NA,NA,NA,NA,NA,NA,NA,NA,NA,NA,NA,NA,NA,NA,NA,NA,NA,NA,NA,NA,NA,NA,NA,NA,NA,NA,NA,NA,NA,NA,NA,NA,NA,NA,NA,NA,NA,NA,NA,NA,NA,NA,NA,NA,NA,NA,NA,NA,NA,NA,NA,NA,NA,NA,NA,NA,NA,NA,NA,NA,NA,NA,NA,NA,NA,NA,NA,NA,NA,NA,NA,NA,NA,NA,NA,NA,NA,NA
FRIST,NA,V11,MM2001,NA,NA,NA,NA,28.5,NA,M101,1.5,NA,G,NA,2011-03-23,NA,M102,1.5,NA,G,NA,2011-03-23,NA,M103,1.5,NA,G,NA,2011-03-23,NA,M104,7.5,NA,B,NA,2011-05-25,NA,M105,1.5,NA,G,NA,2011-11-02,NA,M106,1.5,NA,G,NA,2011-11-02,NA,M107,1.5,NA,G,NA,2011-11-02,NA,M108,7.5,NA,A,NA,2012-01-13,NA,M115,1.5,NA,G,NA,2011-05-23,NA,M116,1.5,NA,G,NA,2012-01-13,NA,M117,1.5,NA,G,NA,2011-06-03,NA,NA,NA,NA,NA,NA,NA,NA,NA,NA,NA,NA,NA,NA,NA,NA,NA,NA,NA,NA,NA,NA
FRIST,NA,H11,MM2001,30.0,NA,D,2012-05-20,30.0,*,M101,1.5,NA,G,NA,2012-01-04,NA,M102,1.5,NA,G,NA,2012-01-04,NA,M103,1.5,NA,G,NA,2012-01-04,NA,M104,7.5,NA,D,NA,2011-12-03,NA,M105,1.5,NA,G,NA,2012-01-04,NA,M106,1.5,NA,G,NA,2012-01-04,NA,M107,1.5,NA,G,NA,2012-01-04,NA,M108,7.5,NA,E,NA,2012-05-20,NA,M110,3.0,NA,G,NA,2012-01-04,NA,M115,1.5,NA,G,NA,2011-12-07,NA,M116,1.5,NA,G,NA,2011-12-07,NA,NA,NA,NA,NA,NA,NA,NA,NA,NA,NA,NA,NA,NA,NA,NA,NA,NA,NA,NA,NA,NA
NSFYY, _,H10,MM2001,30.0,NA,D,2011-01-14,30.0,*,M101,1.5,NA,G,NA,2010-09-08,NA,M102,1.5,NA,G,NA,2010-09-22,NA,M103,1.5,NA,G,NA,2010-10-13,NA,M104,7.5,NA,E,NA,2010-11-27,NA,M105,1.5,NA,G,NA,2010-09-15,NA,M106,1.5,NA,G,NA,2010-10-06,NA,M107,1.5,NA,G,NA,2010-12-01,NA,M108,7.5,NA,D,NA,2011-01-14,NA,M109,3.0,NA,G,NA,2010-12-15,NA,M110,3.0,NA,G,NA,2010-12-17,NA,NA,NA,NA,NA,NA,NA,NA,NA,NA,NA,NA,NA,NA,NA,NA,NA,NA,NA,NA,NA,NA,NA,NA,NA,NA,NA,NA,NA
NMATK, _,H13,MM2001,30.0,NA,C,2014-01-13,30.0,*,M101,1.5,NA,G,NA,2013-09-18,NA,M102,1.5,NA,G,NA,2013-10-02,NA,M103,1.5,NA,G,NA,2013-10-23,NA,M104,7.5,NA,B,NA,2013-12-07,NA,M105,1.5,NA,G,NA,2013-09-25,NA,M106,1.5,NA,G,NA,2013-10-16,NA,M107,1.5,NA,G,NA,2013-10-30,NA,M108,7.5,NA,E,NA,2014-01-13,NA,M109,3.0,NA,G,NA,2013-12-17,NA,M110,3.0,NA,G,NA,2014-01-08,NA,NA,NA,NA,NA,NA,NA,NA,NA,NA,NA,NA,NA,NA,NA,NA,NA,NA,NA,NA,NA,NA,NA,NA,NA,NA,NA,NA,NA
FRIST,NA,H11,MM2001,NA,NA,NA,NA,3.0,NA,M101,1.5,NA,G,NA,2011-09-14,NA,M102,0.0,NA,U,NA,2011-10-05,NA,M105,1.5,NA,G,NA,2011-10-05,NA,NA,NA,NA,NA,NA,NA,NA,NA,NA,NA,NA,NA,NA,NA,NA,NA,NA,NA,NA,NA,NA,NA,NA,NA,NA,NA,NA,NA,NA,NA,NA,NA,NA,NA,NA,NA,NA,NA,NA,NA,NA,NA,NA,NA,NA,NA,NA,NA,NA,NA,NA,NA,NA,NA,NA,NA,NA,NA,NA,NA,NA,NA,NA,NA,NA,NA,NA,NA,NA,NA,NA,NA,NA,NA,NA,NA,NA
SMATE, _,V12,MM2001,NA,NA,NA,NA,9.0,NA,M101,1.5,NA,G,NA,2012-02-08,NA,M103,1.5,NA,G,NA,2014-03-12,NA,M105,1.5,NA,G,NA,2012-02-15,NA,M106,1.5,NA,G,NA,2012-03-07,NA,M107,0.0,NA,U,NA,2014-03-26,NA,M109,3.0,NA,G,NA,2012-05-16,NA,NA,NA,NA,NA,NA,NA,NA,NA,NA,NA,NA,NA,NA,NA,NA,NA,NA,NA,NA,NA,NA,NA,NA,NA,NA,NA,NA,NA,NA,NA,NA,NA,NA,NA,NA,NA,NA,NA,NA,NA,NA,NA,NA,NA,NA,NA,NA,NA,NA,NA,NA,NA,NA,NA,NA,NA
NMADM, _,V11,MM2001,NA,NA,NA,NA,15.0,NA,M104,7.5,NA,A,NA,2011-05-25,NA,M108,7.5,NA,C,NA,2011-08-19,NA,NA,NA,NA,NA,NA,NA,NA,NA,NA,NA,NA,NA,NA,NA,NA,NA,NA,NA,NA,NA,NA,NA,NA,NA,NA,NA,NA,NA,NA,NA,NA,NA,NA,NA,NA,NA,NA,NA,NA,NA,NA,NA,NA,NA,NA,NA,NA,NA,NA,NA,NA,NA,NA,NA,NA,NA,NA,NA,NA,NA,NA,NA,NA,NA,NA,NA,NA,NA,NA,NA,NA,NA,NA,NA,NA,NA,NA,NA,NA,NA,NA,NA,NA,NA
NFYSK, _,H11,MM2001,NA,NA,NA,NA,16.5,NA,M101,1.5,NA,G,NA,2011-09-21,NA,M102,1.5,NA,G,NA,2011-09-28,NA,M103,1.5,NA,G,NA,2011-11-08,NA,M104,7.5,NA,E,NA,2011-12-03,NA,M105,1.5,NA,G,NA,2011-09-21,NA,M106,1.5,NA,G,NA,2011-10-18,NA,M107,1.5,NA,G,NA,2011-11-09,NA,NA,NA,NA,NA,NA,NA,NA,NA,NA,NA,NA,NA,NA,NA,NA,NA,NA,NA,NA,NA,NA,NA,NA,NA,NA,NA,NA,NA,NA,NA,NA,NA,NA,NA,NA,NA,NA,NA,NA,NA,NA,NA,NA,NA,NA,NA,NA,NA,NA
NMATK, _,H13,MM2001,30.0,NA,B,2014-01-13,30.0,*,M101,1.5,NA,G,NA,2013-09-18,NA,M102,1.5,NA,G,NA,2013-10-02,NA,M103,1.5,NA,G,NA,2013-10-23,NA,M104,7.5,NA,C,NA,2013-12-07,NA,M105,1.5,NA,G,NA,2013-09-25,NA,M106,1.5,NA,G,NA,2013-10-16,NA,M107,1.5,NA,G,NA,2013-10-30,NA,M108,7.5,NA,A,NA,2014-01-13,NA,M109,3.0,NA,G,NA,2013-12-17,NA,M110,3.0,NA,G,NA,2014-01-08,NA,NA,NA,NA,NA,NA,NA,NA,NA,NA,NA,NA,NA,NA,NA,NA,NA,NA,NA,NA,NA,NA,NA,NA,NA,NA,NA,NA,NA
NFYSK, _,H14,MM2001,30.0,NA,D,2015-05-25,30.0,*,M101,1.5,NA,G,NA,2014-09-24,NA,M102,1.5,NA,G,NA,2014-10-29,NA,M103,1.5,NA,G,NA,2014-11-19,NA,M105,1.5,NA,G,NA,2014-10-08,NA,M106,1.5,NA,G,NA,2014-11-05,NA,M107,1.5,NA,G,NA,2014-12-03,NA,M109,3.0,NA,G,NA,2015-05-21,NA,M110,3.0,NA,G,NA,2015-05-25,NA,M119,6.0,NA,D,NA,2014-12-17,NA,M120,9.0,NA,E,NA,2015-05-21,NA,NA,NA,NA,NA,NA,NA,NA,NA,NA,NA,NA,NA,NA,NA,NA,NA,NA,NA,NA,NA,NA,NA,NA,NA,NA,NA,NA,NA
FRIST,NA,H11,MM2001,NA,NA,NA,NA,3.0,NA,M101,1.5,NA,G,NA,2011-09-14,NA,M102,1.5,NA,G,NA,2011-10-18,NA,NA,NA,NA,NA,NA,NA,NA,NA,NA,NA,NA,NA,NA,NA,NA,NA,NA,NA,NA,NA,NA,NA,NA,NA,NA,NA,NA,NA,NA,NA,NA,NA,NA,NA,NA,NA,NA,NA,NA,NA,NA,NA,NA,NA,NA,NA,NA,NA,NA,NA,NA,NA,NA,NA,NA,NA,NA,NA,NA,NA,NA,NA,NA,NA,NA,NA,NA,NA,NA,NA,NA,NA,NA,NA,NA,NA,NA,NA,NA,NA,NA,NA,NA,NA
FRIST,NA,V11,MM2001,30.0,NA,E,2011-06-03,30.0,*,M101,1.5,NA,G,NA,2011-02-02,NA,M102,1.5,NA,G,NA,2011-02-16,NA,M103,1.5,NA,G,NA,2011-03-09,NA,M104,7.5,NA,E,NA,2011-05-25,NA,M105,1.5,NA,G,NA,2011-02-09,NA,M106,1.5,NA,G,NA,2011-03-02,NA,M107,1.5,NA,G,NA,2011-03-16,NA,M108,7.5,NA,E,NA,2011-05-30,NA,M109,3.0,NA,G,NA,2011-05-23,NA,M110,3.0,NA,G,NA,2011-06-03,NA,NA,NA,NA,NA,NA,NA,NA,NA,NA,NA,NA,NA,NA,NA,NA,NA,NA,NA,NA,NA,NA,NA,NA,NA,NA,NA,NA,NA
FRIST,NA,V14,MM2001,30.0,NA,E,2014-08-22,30.0,*,M101,1.5,NA,G,NA,2014-02-12,NA,M102,1.5,NA,G,NA,2014-04-02,NA,M103,1.5,NA,G,NA,2014-06-02,NA,M104,7.5,NA,E,NA,2014-05-10,NA,M105,1.5,NA,G,NA,2014-02-12,NA,M106,1.5,NA,G,NA,2014-03-12,NA,M107,1.5,NA,G,NA,2014-08-20,NA,M108,7.5,NA,E,NA,2014-08-22,NA,M109,3.0,NA,G,NA,2014-05-28,NA,M110,3.0,NA,G,NA,2014-05-28,NA,NA,NA,NA,NA,NA,NA,NA,NA,NA,NA,NA,NA,NA,NA,NA,NA,NA,NA,NA,NA,NA,NA,NA,NA,NA,NA,NA,NA
SMATE, _,H12,MM2001,NA,NA,NA,NA,3.0,NA,M101,1.5,NA,G,NA,2012-09-26,NA,M103,0.0,NA,U,NA,2012-10-31,NA,M106,1.5,NA,G,NA,2012-12-12,NA,NA,NA,NA,NA,NA,NA,NA,NA,NA,NA,NA,NA,NA,NA,NA,NA,NA,NA,NA,NA,NA,NA,NA,NA,NA,NA,NA,NA,NA,NA,NA,NA,NA,NA,NA,NA,NA,NA,NA,NA,NA,NA,NA,NA,NA,NA,NA,NA,NA,NA,NA,NA,NA,NA,NA,NA,NA,NA,NA,NA,NA,NA,NA,NA,NA,NA,NA,NA,NA,NA,NA,NA,NA,NA,NA,NA,NA
NDAVK, _,H14,MM2001,NA,NA,NA,NA,1.5,NA,M101,1.5,NA,G,NA,2014-09-17,NA,NA,NA,NA,NA,NA,NA,NA,NA,NA,NA,NA,NA,NA,NA,NA,NA,NA,NA,NA,NA,NA,NA,NA,NA,NA,NA,NA,NA,NA,NA,NA,NA,NA,NA,NA,NA,NA,NA,NA,NA,NA,NA,NA,NA,NA,NA,NA,NA,NA,NA,NA,NA,NA,NA,NA,NA,NA,NA,NA,NA,NA,NA,NA,NA,NA,NA,NA,NA,NA,NA,NA,NA,NA,NA,NA,NA,NA,NA,NA,NA,NA,NA,NA,NA,NA,NA,NA,NA,NA,NA,NA
FRIST,NA,V11,MM2001,NA,NA,NA,NA,10.5,NA,M101,1.5,NA,G,NA,2012-09-19,NA,M104,0.0,NA,F,NA,2012-12-08,NA,M105,1.5,NA,G,NA,2012-09-26,NA,M108,7.5,NA,E,NA,2013-01-18,NA,NA,NA,NA,NA,NA,NA,NA,NA,NA,NA,NA,NA,NA,NA,NA,NA,NA,NA,NA,NA,NA,NA,NA,NA,NA,NA,NA,NA,NA,NA,NA,NA,NA,NA,NA,NA,NA,NA,NA,NA,NA,NA,NA,NA,NA,NA,NA,NA,NA,NA,NA,NA,NA,NA,NA,NA,NA,NA,NA,NA,NA,NA,NA,NA,NA,NA,NA,NA,NA,NA
FRIST,NA,H12,MM2001,NA,NA,NA,NA,4.5,NA,M101,1.5,NA,G,NA,2012-11-07,NA,M102,1.5,NA,G,NA,2012-11-07,NA,M103,1.5,NA,G,NA,2012-11-07,NA,M104,0.0,NA,F,NA,2013-01-11,NA,NA,NA,NA,NA,NA,NA,NA,NA,NA,NA,NA,NA,NA,NA,NA,NA,NA,NA,NA,NA,NA,NA,NA,NA,NA,NA,NA,NA,NA,NA,NA,NA,NA,NA,NA,NA,NA,NA,NA,NA,NA,NA,NA,NA,NA,NA,NA,NA,NA,NA,NA,NA,NA,NA,NA,NA,NA,NA,NA,NA,NA,NA,NA,NA,NA,NA,NA,NA,NA,NA
FRIST,NA,V11,MM2001,30.0,NA,E,2012-08-23,30.0,*,M101,1.5,NA,G,NA,2011-02-02,NA,M102,1.5,NA,G,NA,2011-03-02,NA,M103,1.5,NA,G,NA,2011-03-16,NA,M104,7.5,NA,E,NA,2011-05-03,NA,M105,1.5,NA,G,NA,2011-06-08,NA,M106,1.5,NA,G,NA,2011-03-23,NA,M107,1.5,NA,G,NA,2011-11-09,NA,M108,7.5,NA,E,NA,2012-08-23,NA,M109,3.0,NA,G,NA,2011-05-23,NA,M110,3.0,NA,G,NA,2011-06-03,NA,NA,NA,NA,NA,NA,NA,NA,NA,NA,NA,NA,NA,NA,NA,NA,NA,NA,NA,NA,NA,NA,NA,NA,NA,NA,NA,NA,NA
SMATE, _,V12,MM2001,30.0,NA,A,2012-08-17,30.0,*,M101,1.5,NA,G,NA,2012-02-01,NA,M102,1.5,NA,G,NA,2012-02-15,NA,M103,1.5,NA,G,NA,2012-03-07,NA,M104,7.5,NA,B,NA,2012-08-17,NA,M105,1.5,NA,G,NA,2012-02-08,NA,M106,1.5,NA,G,NA,2012-02-29,NA,M107,1.5,NA,G,NA,2012-03-21,NA,M108,7.5,NA,A,NA,2012-05-12,NA,M109,3.0,NA,G,NA,2012-05-16,NA,M110,3.0,NA,G,NA,2012-06-04,NA,NA,NA,NA,NA,NA,NA,NA,NA,NA,NA,NA,NA,NA,NA,NA,NA,NA,NA,NA,NA,NA,NA,NA,NA,NA,NA,NA,NA
SMATE, _,V12,MM2001,NA,NA,NA,NA,15.0,NA,M101,1.5,NA,G,NA,2012-02-01,NA,M102,1.5,NA,G,NA,2012-08-22,NA,M103,1.5,NA,G,NA,2012-03-07,NA,M104,0.0,NA,F,NA,2013-01-11,NA,M105,1.5,NA,G,NA,2012-03-28,NA,M106,1.5,NA,G,NA,2012-03-21,NA,M107,1.5,NA,G,NA,2012-12-12,NA,M108,0.0,NA,F,NA,2013-01-18,NA,M109,3.0,NA,G,NA,2012-05-16,NA,M110,3.0,NA,G,NA,2012-06-04,NA,NA,NA,NA,NA,NA,NA,NA,NA,NA,NA,NA,NA,NA,NA,NA,NA,NA,NA,NA,NA,NA,NA,NA,NA,NA,NA,NA,NA
FRIST,NA,H11,MM2001,NA,NA,NA,NA,27.0,NA,M101,1.5,NA,G,NA,2011-09-14,NA,M102,1.5,NA,G,NA,2011-10-05,NA,M103,1.5,NA,G,NA,2011-10-21,NA,M104,7.5,NA,C,NA,2011-12-03,NA,M105,1.5,NA,G,NA,2011-09-21,NA,M106,1.5,NA,G,NA,2011-10-18,NA,M107,1.5,NA,G,NA,2011-11-08,NA,M108,7.5,NA,D,NA,2011-12-20,NA,M109,3.0,NA,G,NA,2012-01-02,NA,NA,NA,NA,NA,NA,NA,NA,NA,NA,NA,NA,NA,NA,NA,NA,NA,NA,NA,NA,NA,NA,NA,NA,NA,NA,NA,NA,NA,NA,NA,NA,NA,NA,NA,NA
NFYSK, _,H13,MM2001,30.0,NA,E,2014-01-18,30.0,*,M101,1.5,NA,G,NA,2013-09-18,NA,M102,1.5,NA,G,NA,2013-10-02,NA,M103,1.5,NA,G,NA,2013-10-23,NA,M104,7.5,NA,E,NA,2014-01-18,NA,M105,1.5,NA,G,NA,2013-09-25,NA,M106,1.5,NA,G,NA,2013-10-16,NA,M107,1.5,NA,G,NA,2013-11-06,NA,M108,7.5,NA,E,NA,2014-01-13,NA,M109,3.0,NA,G,NA,2014-01-16,NA,M110,3.0,NA,G,NA,2014-01-08,NA,NA,NA,NA,NA,NA,NA,NA,NA,NA,NA,NA,NA,NA,NA,NA,NA,NA,NA,NA,NA,NA,NA,NA,NA,NA,NA,NA,NA
NSFKY, _,H12,MM2001,30.0,NA,D,2013-01-23,30.0,*,M101,1.5,NA,G,NA,2012-09-19,NA,M102,1.5,NA,G,NA,2012-10-03,NA,M103,1.5,NA,G,NA,2012-10-24,NA,M104,7.5,NA,E,NA,2012-12-08,NA,M105,1.5,NA,G,NA,2012-09-26,NA,M106,1.5,NA,G,NA,2012-10-17,NA,M107,1.5,NA,G,NA,2012-10-31,NA,M108,7.5,NA,D,NA,2012-12-19,NA,M109,3.0,NA,G,NA,2012-12-21,NA,M110,3.0,NA,G,NA,2013-01-23,NA,NA,NA,NA,NA,NA,NA,NA,NA,NA,NA,NA,NA,NA,NA,NA,NA,NA,NA,NA,NA,NA,NA,NA,NA,NA,NA,NA,NA
FRIST,NA,H14,MM2001,NA,NA,NA,NA,22.5,NA,M101,1.5,NA,G,NA,2014-09-17,NA,M102,1.5,NA,G,NA,2014-10-15,NA,M103,1.5,NA,G,NA,2014-10-29,NA,M104,7.5,NA,E,NA,2015-06-08,NA,M105,1.5,NA,G,NA,2015-02-25,NA,M106,1.5,NA,G,NA,2015-03-04,NA,M107,1.5,NA,G,NA,2015-03-25,NA,M108,0.0,NA,F,NA,2015-08-24,NA,M110,3.0,NA,G,NA,2015-06-10,NA,M115,1.5,NA,G,NA,2015-01-09,NA,M116,1.5,NA,G,NA,2015-05-21,NA,NA,NA,NA,NA,NA,NA,NA,NA,NA,NA,NA,NA,NA,NA,NA,NA,NA,NA,NA,NA,NA
NMETK, _,H11,MM2001,30.0,NA,D,2012-01-03,30.0,*,M101,1.5,NA,G,NA,2011-09-14,NA,M102,1.5,NA,G,NA,2011-09-28,NA,M103,1.5,NA,G,NA,2011-10-31,NA,M104,7.5,NA,E,NA,2011-12-03,NA,M105,1.5,NA,G,NA,2011-09-21,NA,M106,1.5,NA,G,NA,2011-10-18,NA,M107,1.5,NA,G,NA,2011-10-31,NA,M108,7.5,NA,D,NA,2011-12-20,NA,M109,3.0,NA,G,NA,2012-01-02,NA,M110,3.0,NA,G,NA,2012-01-03,NA,NA,NA,NA,NA,NA,NA,NA,NA,NA,NA,NA,NA,NA,NA,NA,NA,NA,NA,NA,NA,NA,NA,NA,NA,NA,NA,NA,NA
NFYSK, _,H13,MM2001,NA,NA,NA,NA,12.0,NA,M101,1.5,NA,G,NA,2013-09-18,NA,M102,1.5,NA,G,NA,2013-10-02,NA,M103,1.5,NA,G,NA,2013-10-30,NA,M104,0.0,NA,F,NA,2014-01-18,NA,M105,1.5,NA,G,NA,2013-09-25,NA,M106,1.5,NA,G,NA,2013-10-16,NA,M107,1.5,NA,G,NA,2013-11-13,NA,M108,0.0,NA,F,NA,2014-02-15,NA,M110,3.0,NA,G,NA,2014-01-08,NA,NA,NA,NA,NA,NA,NA,NA,NA,NA,NA,NA,NA,NA,NA,NA,NA,NA,NA,NA,NA,NA,NA,NA,NA,NA,NA,NA,NA,NA,NA,NA,NA,NA,NA,NA
FRIST,NA,H12,MM2001,30.0,NA,C,2013-06-12,30.0,*,M101,1.5,NA,G,NA,2012-09-26,NA,M102,1.5,NA,G,NA,2012-10-10,NA,M103,1.5,NA,G,NA,2012-10-24,NA,M104,7.5,NA,C,NA,2013-05-04,NA,M105,1.5,NA,G,NA,2012-09-26,NA,M106,1.5,NA,G,NA,2012-10-17,NA,M107,1.5,NA,G,NA,2012-11-07,NA,M108,7.5,NA,D,NA,2013-06-12,NA,M109,3.0,NA,G,NA,2012-12-21,NA,M110,3.0,NA,G,NA,2013-01-09,NA,NA,NA,NA,NA,NA,NA,NA,NA,NA,NA,NA,NA,NA,NA,NA,NA,NA,NA,NA,NA,NA,NA,NA,NA,NA,NA,NA,NA
FRIST,NA,V12,MM2001,NA,NA,NA,NA,6.0,NA,M101,1.5,NA,G,NA,2012-02-08,NA,M102,0.0,NA,U,NA,2012-03-28,NA,M103,1.5,NA,G,NA,2012-03-14,NA,M105,1.5,NA,G,NA,2012-02-15,NA,M106,1.5,NA,G,NA,2012-03-21,NA,NA,NA,NA,NA,NA,NA,NA,NA,NA,NA,NA,NA,NA,NA,NA,NA,NA,NA,NA,NA,NA,NA,NA,NA,NA,NA,NA,NA,NA,NA,NA,NA,NA,NA,NA,NA,NA,NA,NA,NA,NA,NA,NA,NA,NA,NA,NA,NA,NA,NA,NA,NA,NA,NA,NA,NA,NA,NA,NA,NA,NA,NA,NA
NFYSK, _,H10,MM2001,30.0,NA,A,2010-12-17,30.0,*,M101,1.5,NA,G,NA,2010-09-08,NA,M102,1.5,NA,G,NA,2010-09-22,NA,M103,1.5,NA,G,NA,2010-10-13,NA,M104,7.5,NA,A,NA,2010-11-27,NA,M105,1.5,NA,G,NA,2010-09-15,NA,M106,1.5,NA,G,NA,2010-10-06,NA,M107,1.5,NA,G,NA,2010-10-20,NA,M108,7.5,NA,A,NA,2010-12-14,NA,M109,3.0,NA,G,NA,2010-12-15,NA,M110,3.0,NA,G,NA,2010-12-17,NA,NA,NA,NA,NA,NA,NA,NA,NA,NA,NA,NA,NA,NA,NA,NA,NA,NA,NA,NA,NA,NA,NA,NA,NA,NA,NA,NA,NA
FRIST,NA,V14,MM2001,30.0,NA,C,2014-05-28,30.0,*,M101,1.5,NA,G,NA,2014-02-05,NA,M102,1.5,NA,G,NA,2014-02-26,NA,M103,1.5,NA,G,NA,2014-03-12,NA,M104,7.5,NA,C,NA,2014-05-10,NA,M105,1.5,NA,G,NA,2014-02-12,NA,M106,1.5,NA,G,NA,2014-03-05,NA,M107,1.5,NA,G,NA,2014-03-19,NA,M108,7.5,NA,D,NA,2014-05-21,NA,M109,3.0,NA,G,NA,2014-05-28,NA,M110,3.0,NA,G,NA,2014-05-28,NA,NA,NA,NA,NA,NA,NA,NA,NA,NA,NA,NA,NA,NA,NA,NA,NA,NA,NA,NA,NA,NA,NA,NA,NA,NA,NA,NA,NA
NMATK, _,H10,MM2001,NA,NA,NA,NA,9.0,NA,M101,1.5,NA,G,NA,2010-09-08,NA,M102,1.5,NA,G,NA,2010-10-06,NA,M103,1.5,NA,G,NA,2010-10-27,NA,M105,1.5,NA,G,NA,2010-09-15,NA,M106,1.5,NA,G,NA,2010-10-06,NA,M107,1.5,NA,G,NA,2010-10-20,NA,NA,NA,NA,NA,NA,NA,NA,NA,NA,NA,NA,NA,NA,NA,NA,NA,NA,NA,NA,NA,NA,NA,NA,NA,NA,NA,NA,NA,NA,NA,NA,NA,NA,NA,NA,NA,NA,NA,NA,NA,NA,NA,NA,NA,NA,NA,NA,NA,NA,NA,NA,NA,NA,NA,NA,NA
NMFIK, _,H10,MM2001,30.0,NA,D,2012-01-13,30.0,*,M101,1.5,NA,G,NA,2010-09-08,NA,M102,1.5,NA,G,NA,2010-09-22,NA,M103,1.5,NA,G,NA,2010-10-13,NA,M104,7.5,NA,E,NA,2010-11-27,NA,M105,1.5,NA,G,NA,2010-09-15,NA,M106,1.5,NA,G,NA,2010-10-06,NA,M107,1.5,NA,G,NA,2010-10-20,NA,M108,7.5,NA,C,NA,2012-01-13,NA,M109,3.0,NA,G,NA,2010-12-15,NA,M110,3.0,NA,G,NA,2010-12-17,NA,NA,NA,NA,NA,NA,NA,NA,NA,NA,NA,NA,NA,NA,NA,NA,NA,NA,NA,NA,NA,NA,NA,NA,NA,NA,NA,NA,NA
FRIST,NA,V15,MM2001,30.0,NA,B,2015-06-10,30.0,*,M101,1.5,NA,G,NA,2015-04-01,NA,M102,1.5,NA,G,NA,2015-04-01,NA,M103,1.5,NA,G,NA,2015-04-01,NA,M104,7.5,NA,B,NA,2015-06-08,NA,M105,1.5,NA,G,NA,2015-04-01,NA,M106,1.5,NA,G,NA,2015-04-01,NA,M107,1.5,NA,G,NA,2015-04-01,NA,M108,7.5,NA,C,NA,2015-05-19,NA,M109,3.0,NA,G,NA,2015-06-10,NA,M110,3.0,NA,G,NA,2015-05-29,NA,NA,NA,NA,NA,NA,NA,NA,NA,NA,NA,NA,NA,NA,NA,NA,NA,NA,NA,NA,NA,NA,NA,NA,NA,NA,NA,NA,NA
LMNTY,7BMT,H15,MM2001,NA,NA,NA,NA,15.0,NA,M101,1.5,NA,G,NA,2015-09-16,NA,M102,1.5,NA,G,NA,2015-10-07,NA,M103,1.5,NA,G,NA,2015-10-21,NA,M104,0.0,NA,F,NA,2016-01-15,NA,M105,1.5,NA,G,NA,2015-09-23,NA,M106,1.5,NA,G,NA,2015-10-14,NA,M107,1.5,NA,G,NA,2015-12-02,NA,M108,0.0,NA,F,NA,2016-02-17,NA,M109,3.0,NA,G,NA,2016-01-20,NA,M110,3.0,NA,G,NA,2016-01-04,NA,NA,NA,NA,NA,NA,NA,NA,NA,NA,NA,NA,NA,NA,NA,NA,NA,NA,NA,NA,NA,NA,NA,NA,NA,NA,NA,NA,NA
FRIST,NA,V14,MM2001,NA,NA,NA,NA,25.5,NA,M101,1.5,NA,G,NA,2014-02-26,NA,M102,0.0,NA,U,NA,2014-03-26,NA,M103,1.5,NA,G,NA,2014-03-12,NA,M104,7.5,NA,E,NA,2014-05-10,NA,M105,1.5,NA,G,NA,2014-09-24,NA,M106,1.5,NA,G,NA,2014-10-15,NA,M107,1.5,NA,G,NA,2014-10-29,NA,M108,7.5,NA,E,NA,2015-01-12,NA,M109,3.0,NA,G,NA,2015-01-09,NA,NA,NA,NA,NA,NA,NA,NA,NA,NA,NA,NA,NA,NA,NA,NA,NA,NA,NA,NA,NA,NA,NA,NA,NA,NA,NA,NA,NA,NA,NA,NA,NA,NA,NA,NA
FRIST,NA,H13,MM2001,30.0,NA,D,2014-01-13,30.0,*,M101,1.5,NA,G,NA,2013-09-18,NA,M102,1.5,NA,G,NA,2013-10-02,NA,M103,1.5,NA,G,NA,2013-10-23,NA,M104,7.5,NA,D,NA,2013-12-07,NA,M105,1.5,NA,G,NA,2013-09-25,NA,M106,1.5,NA,G,NA,2013-10-16,NA,M107,1.5,NA,G,NA,2013-10-30,NA,M108,7.5,NA,E,NA,2014-01-13,NA,M109,3.0,NA,G,NA,2013-12-17,NA,M110,3.0,NA,G,NA,2014-01-08,NA,NA,NA,NA,NA,NA,NA,NA,NA,NA,NA,NA,NA,NA,NA,NA,NA,NA,NA,NA,NA,NA,NA,NA,NA,NA,NA,NA,NA
FRIST,NA,V14,MM2001,NA,NA,NA,NA,9.0,NA,M101,1.5,NA,G,NA,2014-04-02,NA,M102,1.5,NA,G,NA,2014-04-02,NA,M103,1.5,NA,G,NA,2014-04-02,NA,M105,1.5,NA,G,NA,2014-04-02,NA,M106,1.5,NA,G,NA,2014-04-02,NA,M107,1.5,NA,G,NA,2014-04-02,NA,NA,NA,NA,NA,NA,NA,NA,NA,NA,NA,NA,NA,NA,NA,NA,NA,NA,NA,NA,NA,NA,NA,NA,NA,NA,NA,NA,NA,NA,NA,NA,NA,NA,NA,NA,NA,NA,NA,NA,NA,NA,NA,NA,NA,NA,NA,NA,NA,NA,NA,NA,NA,NA,NA,NA,NA
